SMILES,pIC50,logP
FC(F)(F)c1cccc2c1CCC1(CCN(c3ccc(-c4nnc(Cc5cccnc5)o4)nn3)CC1)O2,10.52,4.895400000000006
CCNc1ccc(C(=O)Nc2ncc(Cc3cccc(C(F)(F)F)c3)s2)cc1OCCO,10.4,4.8079000000000045
COc1ccc(-c2nc3ccc(NCc4ccc(Cl)c(C(F)(F)F)c4)cc3n(CCNC(C)=O)c2=O)cc1,10.3,5.492500000000003
Clc1cccc2c1CCC1(CCN(c3ccc(-c4nnc(Cc5cccnc5)o4)nn3)CC1)O2,10.22,4.530000000000004
O=C(NCC(O)c1ccccc1)c1ccc(N2CCC3(CCc4ccccc4O3)CC2)nn1,10.17,3.3042000000000025
Fc1ccc(F)c2c1CCC1(CCN(c3ccc(-c4nnc(Cc5cccnc5)o4)nn3)CC1)O2,10.0,4.154800000000003
Cc1cccc2c1CCC1(CCN(c3ccc(-c4nnc(Cc5cccnc5)o4)nn3)CC1)O2,9.7,4.185020000000002
COc1ccc(C(=O)Nc2ncc(Cc3cc(C(F)(F)F)cc(C(F)(F)F)c3)s2)cc1OCCO,9.7,5.403500000000004
Fc1cccc2c1CCC1(CCN(c3ccc(-c4nnc(Cc5cccnc5)o4)nn3)CC1)O2,9.52,4.015700000000003
O=C(NCC(O)c1cccnc1)c1ccc(N2CCC3(CCc4c(cccc4C(F)(F)F)O3)CC2)nn1,9.35,3.7180000000000026
O=C(NCC(O)c1ccccc1)c1ccc(N2CCC3(CC2)CC(O)c2ccccc2O3)nn1,9.32,2.7951000000000015
OCc1ccc(-c2ccc(N3CCC(N4CCc5ccc(F)cc54)CC3)nn2)cn1,9.3,3.201500000000002
O=C(CO)NCCN1C(=O)COc2ccc(NCc3ccc(Cl)c(Cl)c3)cc21,9.3,2.439400000000002
C[C@H]1[C@H](c2ccc(F)cc2)OC(=O)N1c1cc(Cl)cc(C#N)c1,9.28,4.437180000000002
O=C(NCC(O)c1ccccc1)c1ccc(N2CCC3(CC2)Oc2ccccc2CC3O)nn1,9.25,2.275000000000001
COCCOc1ccc(C(=O)Nc2ncc(Cc3cccc(C(F)(F)F)c3)s2)cc1OCCO,9.22,4.401300000000004
COc1ccc(C(=O)Nc2ncc(Cc3ccc(F)c(C(F)(F)F)c3)s2)cc1OCCO,9.22,4.523800000000004
O=C(NCC(O)c1ccccc1)c1ccc(N2CCC3(CC2)CC(=O)c2ccccc2O3)nn1,9.16,2.9444000000000017
OCc1nc(-c2cnc(N3CCC(Oc4ccccc4C(F)(F)F)CC3)s2)no1,9.0,3.7520000000000024
c1cncc(Cc2nnc(-c3ccc(N4CCC5(CCc6ccccc6O5)CC4)nn3)o2)c1,9.0,3.8766000000000025
Cc1cccc2c1CCC1(CCN(c3ccc(C(=O)NCC(O)c4cccnc4)nn3)CC1)O2,9.0,3.007620000000001
O=C(O)Cn1nnc(-c2cc(N3CCC(Oc4cc(F)ccc4Br)CC3)no2)n1,9.0,2.3621
COc1ccc(C(=O)Nc2ncc(Cc3ccc(Cl)c(Cl)c3)s2)cc1OCCO,9.0,4.672700000000003
O=C(O)Cn1nnc(-c2nnc(N3CCC4(CCc5c(cccc5C(F)(F)F)O4)CC3)s2)n1,9.0,2.659200000000001
O=C(O)Cn1nnc(-c2nnc(N3CCC4(CCc5c(OC(F)(F)F)cccc5O4)CC3)s2)n1,9.0,2.5390000000000006
O=C(O)Cn1nnc(-c2cc(N3CCC4(CCc5c(Br)cccc5O4)CC3)no2)n1,9.0,2.5394000000000005
Cc1cccc2c1CCC1(CCN(c3ncc(-c4nnn(CC(=O)O)n4)s3)CC1)O2,9.0,2.55382
O=C(O)Cn1nnc(-c2cnc(N3CCC4(CCc5c(Br)cccc5O4)CC3)s2)n1,9.0,3.007900000000001
O=C(O)Cn1nnc(-c2cnc(N3CCC4(CCc5c(OC(F)(F)F)cccc5O4)CC3)s2)n1,9.0,3.144000000000002
O=C(O)Cn1nnc(-c2cnc(N3CCC4(CCc5c(cccc5C(F)(F)F)O4)CC3)s2)n1,9.0,3.2642000000000024
O=C(O)Cn1nnc(-c2cc(N3CCC4(CCc5c(OC(F)(F)F)cccc5O4)CC3)no2)n1,9.0,2.6755000000000013
COc1ccc(C(=O)Nc2ncc(Cc3cc(Cl)cc(Cl)c3)s2)cc1OCCO,9.0,4.672700000000003
FC(F)(F)c1cccc2c1CCC1(CCN(c3ccc(-c4nc(Cc5cccnc5)n[nH]4)nn3)CC1)O2,9.0,4.630500000000005
O=C(NCC(O)c1cccnc1)c1ccc(N2CCC3(CCc4c(Cl)cccc4O3)CC2)nn1,9.0,3.3526000000000025
O=c1c(-c2cnn(CCC(F)(F)F)c2)c(C(F)(F)F)nc2ccc(F)cn12,8.96,3.668300000000002
Cc1cc2nc(C(F)(F)F)c(-c3cnn(CC(F)(F)C(F)(F)F)c3)c(=O)n2cc1Cl,8.92,4.736220000000002
OCc1nsc(-c2ccc(N3CCC(c4ccc(C(F)(F)F)cc4)(C(F)(F)F)CC3)nn2)n1,8.92,4.606700000000003
C[C@H]1[C@H](c2ccc(F)cc2)OC(=O)N1c1cc(C#N)cc(C#N)c1,8.82,3.6554600000000024
C[C@@H]1[C@@H](c2ccc(F)cc2)OC(=O)N1c1cc(C#N)cc(C#N)c1,8.82,3.6554600000000024
CN(C(=O)F)c1ccn2c(=O)c(-c3cnn(CC(F)(F)C(F)(F)F)c3)c(C(F)(F)F)nc2c1,8.8,4.300100000000001
Cc1ccc2nc(C(F)(F)F)c(-c3cnn(CC(F)(F)C(F)(F)F)c3)c(=O)n2c1,8.77,4.082820000000002
CC(=O)NCCSc1nc2cscc2c(=O)n1-c1ccc(OCC(F)(F)F)cc1,8.72,3.616500000000002
O=C(NCC(O)c1cccnc1)c1ccc(N2CCC3(CCc4c(F)ccc(F)c4O3)CC2)nn1,8.7,2.977400000000002
Cc1csc(-c2ccc(N3CCC(N4CCc5ccc(F)cc54)CC3)nn2)n1,8.7,4.079120000000002
COc1ccc(C(=O)Nc2ncc(Cc3ccc(F)c(Cl)c3)s2)cc1OCCO,8.7,4.158400000000004
CCOc1ccc(C(=O)Nc2ncc(Cc3cccc(C(F)(F)F)c3)s2)cc1OCCO,8.7,4.774800000000004
Cc1ccc(-c2ccc(N3CCC(N4CCc5ccc(F)cc54)CC3)nn2)cn1,8.7,4.0176200000000035
O=c1c(-c2cnn(CC(F)(F)C(F)(F)F)c2)c(C(F)(F)F)nc2ccc(F)cn12,8.68,3.913500000000001
OCc1noc(-c2ccc(N3CCC(c4ccc(C(F)(F)F)cc4)(C(F)(F)F)CC3)nn2)n1,8.64,4.138200000000003
O=c1c(-c2cnn(CCC(F)(F)F)c2)c(C(F)(F)F)nc2ccc(Cl)cn12,8.62,4.1826000000000025
OCc1nnc(-c2ccc(N3CCC(c4ccc(C(F)(F)F)cc4)(C(F)(F)F)CC3)nn2)s1,8.6,4.606700000000003
O=C(CO)NCCn1c(=O)c(C(F)(F)F)nc2ccc(NCc3cccc(C(F)(F)F)c3)cc21,8.57,3.154700000000001
O=C(Nc1ncc(CO)s1)c1ccc(CNc2ccccc2C(F)(F)F)cc1,8.55,4.518600000000002
COc1ccc(-c2nc3ccc(NCc4cccc(C(F)(F)F)c4)nc3n(CCC(N)=O)c2=O)cc1,8.55,3.9734000000000016
COc1ccc(C(=O)Nc2ncc(Cc3cc(F)cc(F)c3)s2)cc1OCCO,8.54,3.644100000000002
COc1ccc(/C=C/C(=O)Nc2ncc(Cc3cccc(C(F)(F)F)c3)s2)cc1,8.52,5.413200000000003
O=C(O)Cn1nnc(-c2nnc(N3CCC4(CCc5c(Cl)cccc5O4)CC3)s2)n1,8.52,2.293800000000001
CCCCCCc1ccccc1NCc1ccc(C(=O)Nc2nc(CC(=O)O)cs2)cc1,8.52,5.757400000000004
CCCCc1ccccc1NCc1ccc(C(=O)Nc2nc(CCO)cs2)cc1,8.52,4.8849000000000045
O=C(O)Cn1ccn(-c2cnc(N3CCC4(CCc5c(Cl)cccc5O4)CC3)s2)c1=O,8.52,3.197700000000002
COc1ccc(C(=O)Nc2ncc(Cc3cccc(C(F)(F)F)c3)s2)cc1OCCO,8.52,4.384700000000004
O=C(Nc1ccc(Cl)cc1)c1ccc(N2CCN(C(=O)c3ccccc3C(F)(F)F)CC2)nn1,8.52,4.363500000000003
OCc1cn(-c2ccc(N3CCC(N4CCc5ccc(F)cc54)CC3)nn2)cn1,8.52,2.3252000000000006
COc1ccc(-c2nc3ccc(NCc4ccc(F)c(C)c4)cc3n(CCNC(C)=O)c2=O)cc1,8.51,4.267820000000003
CCc1ccc(-c2nc3ccc(NCc4cccc(C(F)(F)F)c4)cc3n(CCNC(C)=O)c2=O)cc1,8.49,5.3929000000000045
CCCCc1ccccc1NCc1ccc(C(=O)Nc2nc(CO)cs2)cc1,8.49,4.842400000000005
COc1ccc(-c2nc3ccc(NCc4cccc(C(F)(F)F)c4)cc3n(CCNC(C)=O)c2=O)cc1,8.48,4.839100000000004
C[C@H]1[C@H](c2ccc(F)cc2)OC(=O)N1c1cc(F)cc(C#N)c1,8.43,3.922880000000003
O=C(Nc1nc(CO)cs1)c1ccc(CNc2ccccc2C(F)(F)F)cc1,8.42,4.518600000000002
O=C(Nc1ncc(CCO)s1)c1ccc(CNc2ccccc2C(F)(F)F)cc1,8.42,4.561100000000002
O=C(Nc1nc(CCO)cs1)c1ccc(CNc2ccccc2C(F)(F)F)s1,8.41,4.622600000000002
COc1ccc(-c2ccc(N3CCC(N4CCc5ccc(F)cc54)CC3)nn2)cn1,8.4,3.717800000000002
COc1ccc(C(=O)Nc2ncc(Cc3cccc(OC(F)(F)F)c3)s2)cc1OCCO,8.4,4.2645000000000035
COc1ccc(C(=O)Nc2ncc(Cc3cccc(Cl)c3)s2)cc1OCCO,8.4,4.019300000000004
CCN(CC)c1ccc(C(=O)Nc2ncc(Cc3cccc(C(F)(F)F)c3)s2)cc1OCCO,8.4,5.222300000000006
Cc1ccc(-c2ccc(N3CCC(c4noc5ccc(F)cc45)CC3)nn2)cn1,8.4,4.511320000000004
c1ccc(Cc2nnc(-c3ccc(N4CCC5(CCc6ccccc6O5)CC4)nn3)o2)nc1,8.4,3.8766000000000025
COc1cccc(N2CC(c3ccc(F)cc3)OC2=O)c1,8.39,3.5322000000000022
Cc1csc(NC(=O)c2ccc(CNc3ccccc3C(F)(F)F)cc2)n1,8.39,5.334720000000003
O=C(Nc1nc(CCO)cs1)c1ccc(CNc2ccccc2C(F)(F)F)cc1,8.38,4.561100000000002
O=C(Nc1nc(CO)cs1)c1ccc(CNc2ccccc2Cl)cc1,8.37,4.153200000000003
CCCCCCCCc1ccccc1NCc1ccc(C(=O)Nc2nc(CC(=O)O)cs2)cc1,8.35,6.537600000000006
CCCCCCc1ccccc1NCc1ccc(C(=O)Nc2nc(CCO)cs2)s1,8.35,5.726600000000006
Cc1ccc(C(=O)Nc2cccc(C(F)(F)F)c2)cc1Nc1nc(-c2cccnc2)nc2c1cnn2C,8.33,5.748420000000004
OCc1nnc(-c2ccc(N3CCC(c4ccc(C(F)(F)F)cc4)(C(F)(F)F)CC3)nn2)o1,8.33,4.138200000000002
CCCCCCc1ccccc1NCc1ccc(C(=O)Nc2nc(CC(=O)O)cs2)s1,8.32,5.818900000000005
CC(C)CCc1ccccc1NCc1ccc(C(=O)Nc2nc(CC(=O)O)cs2)cc1,8.32,5.223200000000004
Clc1cccc(Nc2n[nH]c3ccc(Cl)cc23)c1,8.3,4.613300000000001
Cc1ccccc1C(=O)C1CCN(c2ccc(C(=O)NCC(O)c3ccc(F)cc3)nn2)CC1,8.3,3.4868200000000016
O=C(O)Cc1csc(NC(=O)c2ccc(CNc3ccccc3C(F)(F)F)cc2)n1,8.29,4.653400000000003
O=C(Nc1nc(CO)cs1)c1ccc(CNc2ccccc2C(F)(F)F)s1,8.29,4.580100000000002
C[C@H]1[C@H](c2ccc(F)cc2)OC(=O)N1c1cccc(C#N)c1,8.28,3.783780000000003
O=C(Nc1nc(CCCO)cs1)c1ccc(CNc2ccccc2C(F)(F)F)cc1,8.28,4.951200000000004
CC(C)CCc1ccccc1NCc1ccc(C(=O)Nc2nc(CCO)cs2)cc1,8.28,5.130900000000005
O=C(O)Cc1csc(NC(=O)c2ccc(CNc3ccccc3Cc3ccccc3)cc2)n1,8.26,5.225400000000004
CCCCc1ccccc1NCc1ccc(C(=O)Nc2nc(CC(=O)O)cs2)cc1,8.26,4.977200000000003
COc1ccc(-c2nc3cnc(NCc4cccc(C(F)(F)F)c4)nc3n(CCC(N)=O)c2=O)cc1,8.25,3.368400000000001
Fc1ccc(-c2ccc(N3CCC(N4CCc5ccc(F)cc54)CC3)nn2)cc1,8.22,4.453300000000004
Cc1ccccc1C(=O)C1CCN(c2ccc(C(=O)NCC(O)c3cccc(F)c3)nn2)CC1,8.22,3.4868200000000016
O=C(NCC(O)c1cccnc1)c1ccc(N2CCC3(CCc4c(F)cccc4O3)CC2)nn1,8.22,2.838300000000001
Cc1ccc2[nH]nc(Nc3cccc(Cl)c3)c2c1,8.22,4.268320000000002
OCc1cnn(-c2ccc(N3CCC(N4CCc5ccc(F)cc54)CC3)nn2)c1,8.22,2.3251999999999997
Cn1cc(-c2ccc(N3CCC(n4nc(Cl)c5ccccc54)CC3)nn2)cn1,8.22,3.721700000000002
Cc1ccc(-c2ccc(N3CCC(N4CCc5ccc(F)cc54)CC3)nn2)s1,8.22,4.6841200000000045
c1ccc2c(c1)CCC1(CCN(c3ccc(-c4nnc(Cc5ccncc5)o4)nn3)CC1)O2,8.22,3.8766000000000025
CNC(=O)c1ccc(-c2ccc(N3CCC(N4CCc5ccc(F)cc54)CC3)nn2)cn1,8.22,3.0688000000000013
Cc1nc2ccc(NCc3cccc(C(F)(F)F)c3)cc2n(CCNC(=O)CO)c1=O,8.21,2.4443200000000007
O=C(O)CCc1csc(NC(=O)c2ccc(CNc3ccccc3C(F)(F)F)cc2)n1,8.2,5.043500000000003
Cc1csc(NC(=O)c2ccc(CNc3ccccc3C)cc2)n1,8.19,4.624340000000003
O=C(Nc1nc(CCO)cs1)c1ccc(CNc2ccccc2Cl)cc1,8.19,4.195700000000002
COc1ccc(-c2nc3ccc(NCc4cc(C(F)(F)F)ccn4)cc3n(CCNC(C)=O)c2=O)cc1,8.19,4.234100000000002
OCc1noc(-c2ccc(N3CCC4(COc5ccccc54)C3)nn2)n1,8.19,1.5594
CC(C)CCc1ccccc1NCc1ccc(C(=O)Nc2nc(CC(=O)O)cs2)s1,8.17,5.2847000000000035
Cc1ccccc1C(=O)C1CCN(c2ccc(C(=O)NCC(O)c3ccccc3)nn2)CC1,8.15,3.3477200000000016
Cc1ccccc1C(=O)C1CCN(c2ccc(C(=O)NCC(O)c3ccsc3)nn2)CC1,8.15,3.4092200000000012
COc1ccc(-c2ccc(N3CCC(c4noc5ccc(F)cc45)CC3)nn2)nc1,8.15,4.211500000000003
OCc1ccc(-c2ccc(N3CCC(N4CCc5ccc(F)cc54)CC3)nn2)cc1,8.15,3.8065000000000033
O=C(O)c1cncc(-c2ccc(N3CCC(Oc4cc(F)ccc4Br)CC3)nn2)c1,8.15,4.186200000000003
O=C(NCC(O)c1ccccc1)c1ccc(N2CCC(C(=O)c3ccccc3C(F)(F)F)CC2)nn1,8.15,4.058100000000003
NC(=O)c1nnc(N2CCC(Oc3ccccc3C(F)(F)F)CC2)s1,8.15,2.7036000000000007
O=C(O)Cc1csc(NC(=O)c2ccc(CNc3ccccc3Cc3ccccc3)s2)n1,8.12,5.286900000000004
COc1ccc2[nH]nc(Nc3cccc(Cl)c3)c2c1,8.1,3.9685000000000015
COc1ccc2nc(NC(=O)c3ccc(C(=O)c4ccccc4)cc3)sc2c1,8.1,4.7882000000000025
N[C@H](c1ccccc1)c1ccc(C(=O)Nc2nc3ccc(O)cc3s2)cc1,8.1,4.3023000000000025
COCc1cnn(-c2ccc(N3CCC(c4noc5ccc(F)cc45)CC3)nn2)c1,8.1,3.4730000000000016
Cn1cc(-c2ccc(N3CCC(n4ncc5ccc(C(F)(F)F)cc54)CC3)nn2)cn1,8.1,4.087100000000003
COc1ccc(C(=O)Nc2nnc(Cc3cccc(C(F)(F)F)c3)s2)cc1OCCO,8.1,3.7797000000000023
Cc1nc(N2CCN(CCCc3ccccc3)C2=O)sc1C(=O)NCc1cccnc1,8.1,3.651320000000002
Cc1nc(-n2cnn(Cc3ccc(C(F)(F)F)o3)c2=O)sc1C(=O)NCc1cccnc1,8.1,2.784020000000001
OCc1ccc(-c2ccc(N3CCC(c4noc5ccc(F)cc45)CC3)nn2)cn1,8.1,3.6952000000000025
O=C(Nc1ncc(C(=O)O)s1)c1ccc(CNc2ccccc2C(F)(F)F)cc1,8.09,4.724500000000003
COc1ccc(-c2nc3ccc(NCc4ccc(Cl)c(Cl)c4)cc3n(CCNC(C)=O)c2=O)cc1,8.07,5.127100000000004
O=C(O)Cc1csc(NC(=O)c2ccc(CNc3ccccc3-c3ccccc3)cc2)n1,8.06,5.301600000000004
CCCCc1ccccc1NCc1ccc(C(=O)Nc2nc(CC(=O)O)cs2)s1,8.06,5.038700000000003
Cc1nc(-n2cnn(CCOc3ccc(F)cc3)c2=O)sc1C(=O)NCc1cccnc1,8.05,2.3420200000000007
Cc1nc(-n2cnn(Cc3ccc(F)cc3)c2=O)sc1C(=O)NCc1nccs1,8.05,2.372820000000001
O=C(Nc1nc2ccccc2s1)c1ccc(C(=O)c2ccccc2)cc1,8.05,4.779600000000004
O=C(O)Cc1csc(NC(=O)c2ccc(CNc3ccccc3C(F)(F)F)s2)n1,8.05,4.714900000000002
CCCc1ccccc1NCc1ccc(C(=O)Nc2nc(C)cs2)cc1,8.05,5.268420000000004
Cc1cnc(-c2ccc(N3CCC(c4noc5ccc(F)cc45)CC3)nn2)s1,8.05,4.572820000000003
COc1ccc(C(=O)Nc2ncc(Cc3ccc(F)c(F)c3)s2)cc1OCCO,8.05,3.644100000000002
O=C(NCCc1ccccc1)c1ccc(N2CCN(C(=O)c3ccccc3C(F)(F)F)CC2)nn1,8.05,3.4303000000000017
COc1ccc2cc(C(=O)Nc3ncc(Cc4cccc(C(F)(F)F)c4)s3)ccc2c1,8.05,6.166800000000004
Cn1cc(-c2ccc(N3CCC(n4ncc5ccc(F)cc54)CC3)nn2)cn1,8.05,3.2074000000000007
Cc1cn(-c2ccc(N3CCC(N4CCc5ccc(F)cc54)CC3)nn2)cn1,8.05,3.1413200000000012
CCOc1cnn(-c2ccc(N3CCC(N4CCc5ccc(F)cc54)CC3)nn2)c1,8.05,3.231600000000002
Cc1csc(NC(=O)c2ccc(CNc3ccccc3Cl)cc2)n1,8.04,4.969320000000002
N#CC1(c2ccc(S(F)(F)(F)(F)F)cc2)CCN(c2ccc(-c3nc(CO)no3)nn2)CC1,8.02,4.738080000000004
Cc1ccc(-c2nc3cnc(NCc4cccc(C(F)(F)F)c4)nc3n(CCC(N)=O)c2=O)cc1,8.02,3.6682200000000007
Cc1csc(NC(=O)c2ccc(CNc3ccccc3C(F)(F)F)s2)n1,8.01,5.396220000000001
Cc1nc(N2CCN(Cc3ccc(F)cc3)C2=O)sc1C(=O)NCc1cccnc1,8.0,3.357820000000002
O=C(NCC(O)c1ccccc1)c1ccc(N2CCC(C(=O)c3ccccc3OC(F)(F)F)CC2)nn1,8.0,3.9379000000000026
O=C(NCc1cccnc1)Nc1ccc(N2CCC3(CCc4c(cccc4C(F)(F)F)O3)CC2)nn1,8.0,4.576300000000003
NC(=O)c1cnc(N2CCC(Oc3ccccc3C(F)(F)F)CC2)s1,8.0,3.308600000000002
O=C(NCCCC1CC1)c1ccc(N2CCN(C(=O)c3ccccc3C(F)(F)F)CC2)nn1,8.0,3.3778000000000024
O=C(Nc1cnn(Cc2cccc(F)c2)c1)c1cc(-c2ccco2)on1,8.0,3.570800000000002
Cc1nnc(-c2ccc(N3CCC(Oc4cc(F)ccc4Cl)CC3)nn2)o1,8.0,3.675320000000002
O=C(Nc1cnn(Cc2ccccc2)c1)c1noc2c1CCCC2,8.0,3.0505000000000013
O=C(Nc1cnn(Cc2cccc(F)c2)c1)c1noc2c1CCCC2,8.0,3.189600000000002
O=C(Nc1cnn(Cc2ccccc2)c1)c1cc(N2CCCC2)on1,8.0,2.7719000000000014
COc1cc(C(=O)Nc2ncc(Cc3cccc(C(F)(F)F)c3)s2)ccc1OCCO,8.0,4.384700000000004
O=C(NCC(O)c1cccnc1)c1ccc(N2CCC3(CC2)CCN(CC2CC2)c2ccccc2O3)nn1,8.0,3.3731000000000027
O=C(O)Cn1nnc(-c2cc(N3CCC4(CCc5c(Cl)cccc5O4)CC3)no2)n1,7.96,2.430300000000001
N#CC1(c2ccc(OC(F)(F)F)cc2)CCN(c2ccc(-c3nc(CO)no3)nn2)CC1,7.96,2.979280000000001
Clc1cccc(Nc2ncnc3ccccc23)c1,7.96,4.0268000000000015
COc1ccc2nc(NC(=O)c3ccc([C@H](N)c4ccccc4)cc3)sc2c1,7.96,4.605300000000003
N[C@H](c1ccccc1)c1ccc(C(=O)Nc2nc3ccccc3s2)cc1,7.96,4.596700000000003
O=C(Nc1cnn(Cc2cccc(F)c2)c1)c1cc(C2=CCCCC2)on1,7.96,4.268200000000004
OCCc1cnn(-c2ccc(N3CCC(N4CCc5ccc(F)cc54)CC3)nn2)c1,7.96,2.3677
Cc1ccc(-c2ccc(N3CCC(N4CCc5ccc(F)cc54)CC3)nn2)cc1,7.96,4.622620000000004
Cn1cc(-c2ccc(N3CCC(n4ccc5ccc(F)cc54)CC3)nn2)cn1,7.96,3.812400000000002
CNC(=O)Cn1cc(-c2ccc(N3CCC(N4CCc5ccc(F)cc54)CC3)nn2)cn1,7.96,2.2566999999999995
COc1ncc(-c2ccc(N3CCC(N4CCc5ccc(F)cc54)CC3)nn2)cn1,7.96,3.112800000000002
Cc1cnn(-c2ccc(N3CCC(N4CCc5ccc(F)cc54)CC3)nn2)c1,7.96,3.141320000000002
COc1ccc(C(=O)Nc2ncc(Cc3cccc(F)c3)s2)cc1OCCO,7.96,3.505000000000003
CC(=O)Nc1ccc(C(=O)Nc2ncc(Cc3cccc(C(F)(F)F)c3)s2)cc1OCCO,7.96,4.334500000000004
Cn1cc(-c2ccc(N3CCC(c4noc5ccc(F)cc45)CC3)nn2)cn1,7.92,3.541400000000001
OCCn1cc(-c2ccc(N3CCC(n4ccc5ccc(F)cc54)CC3)nn2)cn1,7.92,3.2677000000000014
Cc1cnc(-c2ccc(N3CCC(N4CCc5ccc(F)cc54)CC3)nn2)s1,7.92,4.079120000000003
CN(C)c1ccc(-c2ccc(N3CCC(N4CCc5ccc(F)cc54)CC3)nn2)cn1,7.92,3.7752000000000026
Cc1nc(-n2ccc(OCCC3CC3)cc2=O)sc1C(=O)NCc1ccccc1,7.92,3.7113200000000024
CC(C)(C)OC(=O)N1CCN(c2cc(C(=O)Nc3cnn(Cc4ccccc4)c3)no2)CC1,7.92,3.2288000000000014
O=C(NCCC1CC1)c1ccc(N2CCN(C(=O)c3cc(F)ccc3C(F)(F)F)CC2)nn1,7.92,3.126800000000002
O=C(O)Cn1nnc(-c2cnc(N3CCC4(CC3)CC(=O)c3c(Cl)cccc3O4)s2)n1,7.92,2.5390000000000006
O=C1OC(c2ccccc2)CN1Cc1cc(O)c(Cl)cc1Cl,7.92,4.392500000000003
Cc1cnn(-c2ccc(N3CCC(c4noc5ccc(F)cc45)CC3)nn2)c1,7.92,3.6350200000000026
O=C(Nc1ncc(Cc2cccc(C(F)(F)F)c2)s1)c1ccc(N2CCOCC2)c(OCCO)c1,7.92,4.212700000000004
O=C(O)Cn1nnc(-c2cnc(N3CCC4(CCc5c(Cl)cccc5O4)CC3)s2)n1,7.89,2.8988000000000014
CC(=O)NCCn1c(=O)c(-c2cccnc2)nc2ccc(NCc3ccc(F)c(Cl)c3)nc21,7.89,3.3942000000000005
CC(=O)NCCn1c(=O)c(-c2cccnc2)nc2ccc(NCc3cccc(C(F)(F)F)c3)cc21,7.89,4.225500000000002
C#CCOc1ccc2nc(NC(=O)c3ccc(C(=O)c4ccccc4)cc3)sc2c1,7.89,4.7916000000000025
COc1ccc(OC)c(N2CC(c3ccc(F)cc3)OC2=O)c1,7.89,3.5408000000000026
COc1cccc2c1CCC1(CCN(c3nnc(-c4nnn(CC(=O)O)n4)s3)CC1)O2,7.89,1.6489999999999998
COc1ccc(-c2nc3ccc(NCc4cccc(C)c4)cc3n(CCNC(C)=O)c2=O)cc1,7.89,4.128720000000002
O=C(O)Cc1csc(NC(=O)c2ccc(CNc3ccccc3Cl)cc2)n1,7.89,4.288000000000003
Cc1ccccc1NCc1ccc(C(=O)Nc2nc(CC(=O)O)cs2)cc1,7.85,3.9430200000000015
OCc1nnc(-c2ccc(N3CCC(c4noc5ccc(F)cc45)CC3)nn2)o1,7.85,2.6832000000000003
NC(=O)c1cc(N2CCC(Oc3ccccc3C(F)(F)F)CC2)no1,7.85,2.8401000000000014
Cc1nsc(-c2ccc(N3CCC(N4CCc5ccccc54)CC3)nn2)n1,7.85,3.335020000000002
Fc1ccc2c(c1)N(C1CCN(c3ccc(-c4ccc(C(F)(F)F)nc4)nn3)CC1)CC2,7.85,4.728000000000004
CN(C)c1ccc(-c2ccc(N3CCC(n4ccc5ccc(F)cc54)CC3)nn2)cn1,7.85,4.539900000000004
Cn1cc(-c2ccc(N3CCC(n4ncc5c(Cl)cccc54)CC3)nn2)cn1,7.82,3.721700000000002
COc1ccc(O)c(C(=O)Nc2cccc(Cl)c2)c1,7.82,3.3065000000000015
N#CC1(c2cccc(Cl)c2)CCN(c2ccc(-c3nc(CO)no3)nn2)CC1,7.82,2.7340800000000005
CS(=O)(=O)c1ccc2nc(-c3ccc(-c4cccc(Cl)c4)cc3)[nH]c2c1,7.82,4.953800000000003
Cn1cc(-c2ccc(N3CCC(N4CCc5ccc(F)cc54)CC3)nn2)cn1,7.82,3.0477000000000016
CC(=O)Nc1ccc(-c2ccc(N3CCC(N4CCc5ccc(F)cc54)CC3)nn2)cn1,7.82,3.667600000000003
CC(=O)NCCn1c(=O)c(-c2cccnc2)nc2ccc(NCc3ccc(Cl)c(Cl)c3)nc21,7.82,3.908500000000002
CN(C)c1ccc(C(=O)Nc2ncc(Cc3cccc(C(F)(F)F)c3)s2)cc1OCCO,7.82,4.442100000000004
O=C(NC[C@H](O)c1ccccc1)c1ccc(N2CCN(C(=O)c3ccccc3C(F)(F)F)CC2)nn1,7.82,2.9212000000000016
CNC(=O)Cn1cc(-c2ccc(N3CCC(n4ccc5ccc(F)cc54)CC3)nn2)cn1,7.82,3.0214000000000016
FC(F)(F)c1cccc2c1CCC1(CCN(c3ccc(-c4nnc(CCc5cccnc5)o4)nn3)CC1)O2,7.8,5.089800000000006
O=c1[nH]c(CO)nc2nc(N3CCC(Oc4ccccc4C(F)(F)F)CC3)sc12,7.8,2.9385000000000003
FC(F)(F)c1ccccc1OC1CCN(c2ncc(-c3ncon3)s2)CC1,7.8,4.259700000000002
O=C(Nc1ncc(Cc2cccc(C(F)(F)F)c2)s1)c1ccc(OCCO)c(OCCO)c1,7.8,3.747200000000004
COc1ccc(-c2nc3ccc(NCc4ccc(Cl)c(Cl)c4)nc3n(CCC(N)=O)c2=O)cc1,7.8,4.261400000000002
Cn1cc(-c2ccc(N3CCC(n4ncc5ccc(Cl)cc54)CC3)nn2)cn1,7.8,3.721700000000002
Fc1ccc2ccn(C3CCN(c4ccc(-c5ccc(C(F)(F)F)nc5)nn4)CC3)c2c1,7.8,5.492700000000004
Cn1cc(-c2ccc(N3CCC(N4CCc5ccc(C(F)(F)F)cc54)CC3)nn2)cn1,7.8,3.927400000000003
COc1ccc(-c2nc3ccc(NCc4ccc(F)c(C(F)(F)F)c4)nc3n(CCNC(C)=O)c2=O)cc1,7.8,4.373200000000002
O=C(O)Cn1nnc(-c2cc(N3CCC4(CC3)CC(=O)c3c(Cl)cccc3O4)no2)n1,7.77,2.0705
OCCn1cc(-c2ccc(N3CCC(N4CCc5ccc(F)cc54)CC3)nn2)cn1,7.77,2.503000000000001
CCCCCCCCc1ccccc1NCc1ccc(C(=O)Nc2nc(CC(=O)O)cs2)s1,7.77,6.599100000000005
Nc1nc2cnc(N3CCC(Oc4cc(F)ccc4Br)CC3)nc2s1,7.77,3.6179000000000023
Clc1cccc(Nc2cccc3ccccc23)c1,7.77,5.236800000000002
O=C(NCC(O)c1ccccc1)c1ccc(N2CCC3(CC2)CC(O)c2c(F)cccc2O3)nn1,7.77,2.9342000000000015
COc1ccc2nc(NC(=O)c3ccc(C(=O)NCc4ccccc4)cc3)sc2c1,7.75,4.487200000000003
Cc1csc(NC(=O)c2ccc(CNc3cccc(Cl)c3)cc2)n1,7.75,4.969320000000002
O=C(NCCC1CC1)c1ccc(N2CCN(C(=O)c3cc(Cl)ccc3C(F)(F)F)CC2)nn1,7.75,3.6411000000000024
Clc1cccc(Nc2ccnc3ccccc23)c1,7.75,4.631800000000002
OCn1cc(-c2ccc(N3CCC(n4ccc5ccc(F)cc54)CC3)nn2)cn1,7.72,3.225200000000001
CS(=O)(=O)c1ccc2nc(-c3ccc(-c4ccccc4F)nc3)[nH]c2c1,7.72,3.834500000000002
OCCc1cnn(-c2ccc(N3CCC(n4ccc5ccc(F)cc54)CC3)nn2)c1,7.7,3.1324000000000014
Cn1cc(Cl)nc(N2CCC(Oc3cc(F)ccc3Cl)CC2)c1=O,7.7,3.2740000000000027
O=C(NCC(O)c1ccccc1)c1ccc(N2CCC3(CCc4ccccc4C3=O)CC2)nn1,7.7,3.3557000000000023
N#CC1(c2ccc(Cl)cc2)CCN(c2ccc(-c3nc(CO)no3)nn2)CC1,7.7,2.7340800000000005
C=C(C)c1cc(C(=O)Nc2cnn(Cc3cccc(F)c3)c2)no1,7.7,3.3439000000000014
Fc1ccc2c(c1)N(C1CCN(c3ccc(-c4cn[nH]c4)nn3)CC1)CC2,7.68,3.037300000000001
Cc1csc(-c2ccc(N3CCC(c4noc5ccc(F)cc45)CC3)nn2)n1,7.68,4.572820000000004
CC(=O)NCCn1c(=O)c(-c2cccnc2)nc2cnc(NCc3ccc(Cl)c(Cl)c3)cc21,7.68,3.908500000000002
CCOCCn1cc(-c2ccc(N3CCC(c4noc5ccc(F)cc45)CC3)nn2)cn1,7.68,4.040900000000002
O=C(O)Cn1nnc(-c2cnc(N3CCC4(CC3)Cc3cccc(Cl)c3C(=O)O4)s2)n1,7.68,2.2866999999999997
Cc1nnc(-c2ccc(N3CCC(Oc4ccccc4C(F)(F)F)CC3)nn2)s1,7.68,4.370120000000004
Clc1cccc(Nc2n[nH]c3ccc(Br)cc23)c1,7.68,4.722400000000001
CC(C)(C)c1ccc(C2(C#N)CCN(c3ccc(-c4nc(CO)no4)nn3)CC2)cc1,7.68,3.378180000000002
O=C(Nc1nc(CO)c(C(=O)O)s1)c1ccc(CNc2ccccc2C(F)(F)F)cc1,7.66,4.216800000000002
CCCn1cc(-c2ccc(N3CCC(n4ccc5ccc(F)cc54)CC3)nn2)cn1,7.66,4.685400000000004
Cc1ccccc1C(=O)C1CCN(c2ccc(C(=O)NCC(O)c3ccccc3F)nn2)CC1,7.66,3.4868200000000016
COc1ccc2nc(NC(=O)c3ccc(C(=O)c4ccccn4)cc3)sc2c1,7.66,4.183200000000003
COc1ccc2nc(NC(=O)c3ccc(C(N)c4ccccc4)cc3)sc2c1,7.66,4.605300000000003
OCc1ccc(-c2ccc(N3CCC(n4ccc5ccc(F)cc54)CC3)nn2)cc1,7.66,4.571200000000004
O=C1OC(c2ccc(F)cc2)CN1c1cccc(Cl)c1,7.64,4.177000000000002
O=C(CNC(=O)c1ccc(N2CCN(C(=O)c3ccccc3C(F)(F)F)CC2)nn1)c1ccccc1,7.64,3.070500000000002
COc1ccc2nc(NC(=O)c3ccc(C(=O)c4cccnc4)cc3)sc2c1,7.64,4.183200000000003
CCCCCCNC(=O)c1ccc(N2CCN(C(=O)c3ccccc3C(F)(F)F)CC2)nn1,7.62,3.7679000000000027
CS(=O)(=O)c1ccc2nc(-c3ccc(-c4ccccc4)cc3)[nH]c2c1,7.62,4.300400000000002
NC(=O)c1cnc(N2CCC(Sc3ccccc3C(F)(F)F)CC2)s1,7.62,4.021900000000003
O=C(NCCC1CC1)c1ccc(N2CCN(C(=O)c3ccc(F)cc3C(F)(F)F)CC2)nn1,7.62,3.126800000000002
O=C(O)Cn1nnc(-c2nnc(N3CCC4(CC3)CC(=O)c3c(Cl)cccc3O4)s2)n1,7.62,1.934
CN(C)c1cc(C(=O)Nc2cnn(Cc3ccccc3)c2)no1,7.6,2.2377000000000002
Cc1ccccc1C(=O)C1CCN(c2ccc(C(=O)NCC(O)c3cccs3)nn2)CC1,7.6,3.4092200000000012
Cc1nc(-n2ccc(OCc3ccccc3)cc2=O)sc1C(=O)NCc1ccccc1,7.58,4.1114200000000025
Nc1ccccc1C(=O)Nc1cccc(Cl)c1,7.58,3.174500000000001
CC(C)c1cc(C(=O)Nc2cnn(Cc3ccccc3)c2)no1,7.58,3.2951000000000015
CS(=O)(=O)c1ccc2nc(-c3ccc(-c4ccccc4F)cc3)[nH]c2c1,7.57,4.4395000000000024
O=C(O)Cn1nnc(-c2cc(N3CC4CN(c5cc(F)ccc5Cl)CC4C3)no2)n1,7.57,1.7778
N#CC1(c2ccc(C(F)(F)F)cc2)CCN(c2ccc(-c3nc(CO)no3)nn2)CC1,7.57,3.0994800000000016
O=C(NCc1cccnc1)c1ccc(N2CCC3(CCc4ccccc4O3)CC2)nn1,7.57,3.1658000000000017
CCCCCNC(=O)c1ccc(N2CCN(C(=O)c3ccccc3C(F)(F)F)CC2)nn1,7.55,3.3778000000000024
Cn1cc(-c2ccc(N3CCC(N4CCc5ccc(Cl)cc54)CC3)nn2)cn1,7.55,3.562000000000002
Cc1ccccc1C(=O)C1CCN(c2ccc(C(=O)NCC(O)c3cccnc3)nn2)CC1,7.55,2.742720000000001
O=c1[nH]cnc2nc(N3CCC(Oc4ccccc4C(F)(F)F)CC3)sc12,7.54,3.446200000000002
COc1ccc2nc(NC(=O)c3ccc(C(O)c4ccccn4)cc3)sc2c1,7.54,4.033900000000003
COc1ccc(-c2nc3cnc(NCc4ccc(Cl)c(Cl)c4)cc3n(CCNC(C)=O)c2=O)cc1,7.522878745280337,4.522100000000004
COc1ccc(-c2nc3ccc(NCc4ccc(Cl)c(Cl)c4)nc3n(CCNC(C)=O)c2=O)cc1,7.522878745280337,4.522100000000003
COc1ccc(-c2nc3cnc(NCc4ccc(Cl)c(Cl)c4)nc3n(CCNC(C)=O)c2=O)cc1,7.522878745280337,3.9171000000000022
Fc1ccc(Cl)c(OC2CCN(c3nccnn3)CC2)c1,7.52,2.7119
CCn1cc(-c2ccc(N3CCC(N4CCc5ccc(F)cc54)CC3)nn2)cn1,7.52,3.5306000000000024
O=C(CNc1nccnc1Cl)N1CCC(Oc2ccccc2Cl)CC1,7.52,3.2653000000000016
Cc1nc(-n2ccc(O)cc2=O)sc1C(=O)NCc1ccc(F)cc1,7.52,2.3771200000000006
FC(F)(F)c1ccccc1NC1CCN(c2nccnn2)CC1,7.52,2.9713000000000003
CS(=O)(=O)c1ccc2nc(-c3ccc(-c4cccc(F)c4)cc3)[nH]c2c1,7.52,4.439500000000003
CC(C)c1cc(C(=O)Nc2cnn(Cc3cccc(F)c3)c2)no1,7.52,3.4342000000000015
Cc1csc(NC(=O)N2CCC(CNc3ccccc3C(F)(F)F)CC2)n1,7.52,4.8263200000000035
O=C(Nc1nc(CCCO)c(CCO)s1)c1ccc(CNc2ccccc2C(F)(F)F)cc1,7.51,4.486000000000002
CCOC(=O)Cn1cc(-c2ccc(N3CCC(N4CCc5ccc(F)cc54)CC3)nn2)cn1,7.51,3.073800000000001
Fc1ccc2c(c1)N(C1CCN(c3ccc(-c4ccc(C(F)(F)F)cc4)nn3)CC1)CC2,7.51,5.333000000000005
COc1ccc(C(=O)Nc2cnc(Cc3cc(C(F)(F)F)cc(C(F)(F)F)c3)s2)cc1OCCO,7.5,5.403500000000004
Cc1ncc(CNC(=O)c2sc(-n3cnn(Cc4ccc(F)cc4)c3=O)nc2C)s1,7.5,2.6812400000000007
COc1ccc(NC(=O)c2ncc(Cc3cccc(C(F)(F)F)c3)s2)cc1OCCO,7.5,4.384700000000004
O=C(NCC(O)c1ccccc1)c1ccc(N2CCC3(CC2)CC(O)c2cccc(F)c2O3)nn1,7.48,2.9342000000000015
Cc1nsc(-c2ccc(N3CCC(n4ccc5ccccc54)CC3)nn2)n1,7.47,4.099720000000003
Nc1ccc(Cl)cc1C(=O)Nc1cccc(Cl)c1,7.47,3.8279000000000014
Cc1nc(-n2ccc(O)cc2=O)sc1C(=O)NCc1ccccc1,7.47,2.2380199999999997
CNC(=O)c1nccnc1NCC(=O)N1CCC(Oc2c(F)ccc(F)c2Cl)CC1,7.46,2.2497
Cn1cc(-c2ccc(N3CCC(n4ccc5ccc(Cl)cc54)CC3)nn2)cn1,7.46,4.326700000000004
CNc1ccc(-c2ccc(N3CCC(n4ccc5ccc(F)cc54)CC3)nn2)cn1,7.46,4.515600000000004
O=C(Nc1cnn(Cc2cccc(F)c2)c1)c1cc(N2CCCCC2)on1,7.44,3.3011000000000017
NC(=O)CCn1c(=O)c(-c2cccnc2)nc2cnc(NCc3ccc(Cl)c(Cl)c3)nc21,7.44,3.0428000000000006
CC(C)CCNC(=O)c1ccc(N2CCN(C(=O)c3ccccc3C(F)(F)F)CC2)nn1,7.43,3.2337000000000025
OCc1noc(-c2ccc(N3CCC(c4ccccc4)(C(F)(F)F)CC3)nn2)n1,7.42,3.1194000000000015
Cn1nc(Cc2cccnc2)nc1-c1ccc(N2CCC3(CCc4c(cccc4C(F)(F)F)O3)CC2)nn1,7.42,4.640900000000005
CNC(=O)c1nccnc1NCC(=O)N1CCC(Oc2c(Cl)cccc2Cl)CC1,7.42,2.624900000000001
Cn1c(=O)n(Cc2cc(O)c(Cl)cc2Cl)c2ccccc21,7.41,3.4007000000000014
CCNC(=O)c1nccnc1NCC(=O)N1CCC(Oc2ccccc2Cl)CC1,7.41,2.3616
COC(=O)c1nccnc1NCC(=O)N1CCC(Oc2ccccc2Cl)CC1,7.41,2.3984999999999994
Cc1nc(-c2cnc(N3CCC(Oc4ccccc4C(F)(F)F)CC3)s2)no1,7.41,4.568120000000003
O=C(NCCC1CC1)c1ccc(N2CCN(C(=O)c3ccccc3C(F)(F)F)CC2)nn1,7.41,2.987700000000002
Cc1nc(-n2cnn(Cc3ccc(F)cc3)c2=O)sc1C(=O)NCc1cocn1,7.41,1.90432
Fc1ccc(Br)c(OC2CCN(c3ncnc4[nH]cnc34)CC2)c1,7.4089353929735005,3.3023000000000007
CC(C)N1CCC2(CCN(c3ccc(C(=O)NCC(O)c4cccnc4)nn3)CC2)Oc2ccccc21,7.4,3.371500000000002
CC(=O)NCCn1c(=O)c(-c2ccc(C)cc2)nc2cnc(NCc3ccc(Cl)c(Cl)c3)cc21,7.4,4.821920000000003
Cc1nc(N2CCN(Cc3ccc(F)cc3)C2=O)sc1C(=O)NCc1ccccn1,7.4,3.357820000000002
O=C(O)Cn1nnc(-c2cc(OCCCOc3cc(F)ccc3Br)no2)n1,7.39,2.1622000000000003
O=C(NCc1ccccc1)c1ccc(N2CCN(C(=O)c3ccccc3C(F)(F)F)CC2)nn1,7.39,3.387800000000002
O=C(O)Cn1nnc(-c2cnc(N3CCC4(CC3)CC(=O)c3ccccc3O4)s2)n1,7.39,1.8855999999999997
CCOCCn1cc(-c2ccc(N3CCC(N4CCc5ccc(F)cc54)CC3)nn2)cn1,7.39,3.547200000000003
O=C(Nc1nc2ccccc2[nH]1)c1ccc(C(=O)c2ccccc2)cc1,7.38,4.046200000000002
COc1ccc2nc(NC(=O)c3ccc(OCc4ccccc4)cc3)sc2c1,7.37,5.136200000000003
COc1ccc2nc(NC(=O)c3ccc(Nc4ccccc4)cc3)sc2c1,7.36,5.300800000000002
Cc1nc(-n2cnn(Cc3ccc(C(F)(F)F)cc3)c2=O)sc1C(=O)NCc1cccnc1,7.34,3.191020000000001
Cc1csc(NC(=O)c2ccc(CNc3ccccc3C)cn2)n1,7.34,4.0193400000000015
CCn1cc(C(=O)N(C)C(C)c2ccc(F)cc2)c2ccccc21,7.33,4.633500000000004
COc1ccc(-c2nc3ccc(NCc4cccc(C(F)(F)F)c4)nc3n(CCNC(C)=O)c2=O)cc1,7.33,4.234100000000002
COc1ccc(-c2nc3ccc(NCc4ccc(F)c(Cl)c4)nc3n(CCNC(C)=O)c2=O)cc1,7.33,4.007800000000002
Fc1ccc(Br)c(OC2CCN(c3ncc4nc[nH]c4n3)CC2)c1,7.33,3.3023000000000007
FC(F)(F)c1ccccc1OC1CCN(c2ncnc3[nH]cnc23)CC1,7.32,3.419500000000001
C=Cc1cc(C(=O)Nc2cnn(Cc3cccc(F)c3)c2)no1,7.32,2.953800000000001
Cc1nc(-n2ccc(O)cc2=O)sc1C(=O)NCc1ccc(F)c(F)c1,7.32,2.5162200000000006
O=C(O)Cn1nnc(-c2cnc(N3CCC4(CCc5ccccc54)CC3)s2)n1,7.31,2.3656000000000006
O=C(CO)Nc1cnc2ncn(Cc3ccc(Cl)c(Cl)c3)c(=O)c2c1,7.31,2.0774
N#Cc1cccc(N2C[C@H](c3ccc(F)cc3)OC2=O)c1,7.31,3.3952800000000023
Clc1cccc(Nc2ncnc3ccsc23)c1,7.3,4.0883
Cc1nc(-n2ccc(CCc3ccccc3)cc2=O)sc1C(=O)NCc1ccccc1,7.3,4.317620000000003
CCCOc1ccc2nc(NC(=O)c3ccc(C(=O)c4ccccc4)cc3)sc2c1,7.3,5.568400000000004
O=C(Nc1cnn(Cc2ccccc2)c1)c1cc(-c2ccco2)no1,7.3,3.431700000000002
CNC(=O)c1nccnc1NCC(=O)N1CCC(Oc2c(F)cccc2Cl)CC1,7.29,2.1106
COc1ccc(-c2nc3ccc(NCc4cc(C(F)(F)F)cc(C(F)(F)F)c4)nc3n(CCNC(C)=O)c2=O)cc1,7.29,5.252900000000003
CNC(=O)c1nccnc1NCC(=O)N1CCC(Oc2ccccc2Cl)CC1,7.29,1.9715000000000003
O=C1OC(c2ccc(F)cc2)CN1c1cccc(F)c1,7.29,3.662700000000002
O=C(O)COc1nc2cnc(N3CCC(Oc4cc(F)ccc4Br)CC3)nc2s1,7.28,3.499100000000003
OCc1cnn(-c2ccc(N3CCC(c4noc5ccc(F)cc45)CC3)nn2)c1,7.28,2.818900000000001
OCCn1cc(-c2ccc(N3CCC(n4ncc5ccc(F)cc54)CC3)nn2)cn1,7.28,2.6627
Cc1nc(N2CCN(Cc3ccccc3)C2=O)sc1C(=O)NCc1ccccc1,7.28,3.8237200000000025
Cn1cc(-c2ccc(N3CCC(n4ncc5c(C(F)(F)F)cccc54)CC3)nn2)cn1,7.28,4.087100000000003
FC(F)(F)c1ccccc1OC1CCN(c2ncc(-c3ncco3)s2)CC1,7.26,4.864700000000003
Cc1nc(N2CCN(Cc3ccc(F)cc3)C2=O)sc1C(N)=O,7.26,2.13172
Fc1cc(Br)c(OC2CCN(c3nccnn3)CC2)cc1F,7.26,2.9601000000000006
Cc1nc(-n2ccc(OCc3cscn3)cc2=O)sc1C(=O)NCc1ccccc1,7.26,3.5679200000000018
O=C(Nc1cnn(Cc2ccccc2)c1)c1cc(N2CCCCC2)on1,7.24,3.1620000000000017
CNC(=O)c1nccnc1NCC(=O)N1CCC(Oc2ccccc2Br)CC1,7.24,2.0806
Fc1ccc2[nH]nc(Nc3cccc(Cl)c3)c2c1,7.24,4.099000000000001
O=C(O)Cc1cnc(NC(=O)c2ccc(CNc3ccccc3C(F)(F)F)cc2)s1,7.24,4.653400000000002
COc1ccc2nc(NC(=O)c3ccc(N)cc3)sc2c1,7.24,3.1394
Cc1nc2nc(N3CCC(Oc4ccccc4C(F)(F)F)CC3)sc2c(=O)[nH]1,7.23,3.7546200000000027
NNC(=O)c1ccc(N2CCC(c3noc4ccc(F)cc34)CC2)nn1,7.23,1.7443999999999997
Fc1cccc(Nc2n[nH]c3ccccc23)c1,7.23,3.4456000000000016
OCCc1cnn(-c2ccc(N3CCC(c4noc5ccc(F)cc45)CC3)nn2)c1,7.22,2.8614000000000015
COC1CC2(CCN(c3ccc(C(=O)NCC(O)c4ccccc4)nn3)CC2)Oc2ccccc21,7.22,3.449200000000002
O=C(NC[C@@H](O)c1ccccc1)c1ccc(N2CCN(C(=O)c3ccccc3C(F)(F)F)CC2)nn1,7.22,2.9212000000000016
CS(=O)(=O)c1ccn2cc(-c3ccc(-c4ccccc4)cc3)nc2c1,7.22,4.071800000000003
O=C(O)Cn1nnc(-c2cnc(N3CCC4(CC3)NC(=O)c3c(Cl)cccc3O4)s2)n1,7.21,1.6534999999999997
COc1ccn(-c2nc(C)c(C(=O)NCc3ccccc3)s2)c(=O)c1,7.21,2.5410200000000005
O=C(NCC(O)c1ccccc1)c1ccc(N2CCC3(C=Cc4ccccc4O3)CC2)nn1,7.21,3.384800000000003
Cc1cc(C(=O)N2CCN(c3ccc(C(=O)NCCC4CC4)nn3)CC2)c(C(F)(F)F)o1,7.21,2.889120000000001
Cc1nc(N2CCN(CC3CC3)C2=O)sc1C(=O)NCc1cccnc1,7.2,2.4285200000000007
Cc1cn(-c2ccc(N3CCC(c4noc5ccc(F)cc45)CC3)nn2)cn1,7.19,3.6350200000000017
FC(F)(F)c1ccccc1OC1CCN(c2ncc(-c3nnco3)s2)CC1,7.19,4.259700000000002
O=C(O)Cn1nnc(-c2cnc(N3CCC4(CC3)COc3ccccc34)s2)n1,7.19,1.8117999999999996
O=[N+]([O-])c1ccc(Cl)c(OC2CCN(c3nccnn3)CC2)c1,7.19,2.481
CO[C@H]1CCN(c2cc(C(=O)Nc3cnn(Cc4ccccc4)c3)no2)C1,7.19,2.3968000000000007
CCc1cc(C(=O)Nc2cnn(Cc3cccc(F)c3)c2)no1,7.18,2.8732000000000015
O=C(Nc1cnn(Cc2cccc(F)c2)c1)c1cc(C2CCCCC2)on1,7.18,4.358500000000004
Cc1nc(-n2cnn(C(C)c3ccc(F)cc3)c2=O)sc1C(=O)NCc1ccccn1,7.18,2.872320000000001
O=C(NCCC1CC1)c1ccc(N2CCN(C(=O)c3cccc(F)c3C(F)(F)F)CC2)nn1,7.18,3.126800000000002
Cc1nc(-n2cnn(Cc3ccc(F)cc3)c2=O)sc1C(=O)NCc1ccccn1,7.17,2.3113200000000003
Nc1ccc(F)cc1C(=O)Nc1cccc(Cl)c1,7.17,3.313600000000001
O=C(COc1ccccc1)Nc1ccc2ncn(Cc3ccc(Cl)c(Cl)c3)c(=O)c2c1,7.17,4.7691000000000034
Cc1nc2ccc(NCc3cccc(C(F)(F)F)c3)cc2n(CCNC(=O)C(O)CO)c1=O,7.17,1.8052199999999998
Cc1ccc(CNC(=O)c2ccc(N3CCN(C(=O)c4ccccc4C(F)(F)F)CC3)nn2)o1,7.17,3.289220000000002
Cn1cc(-c2ccc(N3CCC(n4ncc5c(F)cccc54)CC3)nn2)cn1,7.17,3.2074000000000007
Cc1nsc(-c2ccc(N3CCC(c4noc5ccc(F)cc45)CC3)nn2)n1,7.17,3.9678200000000023
O=C(Nc1nc2ccccc2[nH]1)c1ccc(N2CCN(C(=O)c3ccccc3C(F)(F)F)CC2)nn1,7.16,3.586400000000002
O=C(Nc1cnn(Cc2cccc(F)c2)c1)c1cc(-c2ccccc2)on1,7.16,3.977800000000003
CCn1cc(-c2ccc(N3CCC(c4noc5ccc(F)cc45)CC3)nn2)cn1,7.16,4.024300000000003
COc1ccc2nc(NC(=O)c3ccc([C@@H](N)c4ccccc4)cc3)sc2c1,7.16,4.605300000000003
CCCn1cc(-c2ccc(N3CCC(N4CCc5ccc(F)cc54)CC3)nn2)cn1,7.14,3.9207000000000027
NS(=O)(=O)c1ccc2nc(-c3ccc(-c4ccccc4F)cc3)[nH]c2c1,7.13,3.6834000000000024
CO[C@@H]1CCN(c2cc(C(=O)Nc3cnn(Cc4ccccc4)c3)no2)C1,7.13,2.3968000000000007
Cc1cn(-c2ccc(N3CCC(N4CCc5ccccc54)CC3)nn2)cn1,7.12,3.002220000000001
O=C(NCC(O)c1ccccc1)c1ccc(N2CCC3(CC2)Cc2ccccc2CO3)nn1,7.12,3.0519000000000016
N#Cc1cccc(N2CC(c3ccc(F)cc3)OC2=O)c1,7.11,3.3952800000000023
N#CC1(c2ccccc2Cl)CCN(c2ccc(-c3nc(CO)no3)nn2)CC1,7.1,2.7340800000000005
O=C(NCC(O)c1ccccc1)c1ccc(N2CCC(C(=O)c3ccc(F)cc3)CC2)nn1,7.1,3.1784000000000026
O=C1OC(c2ccc(F)cc2)CN1Cc1ccc(Cl)cc1Cl,7.1,4.826000000000002
O=C(CO)Nc1ccc2ncn(Cc3ccc(Cl)cc3)c(=O)c2c1,7.1,2.029
COc1ccc(C(=O)Nc2ncc(Cc3ccc(C)c(F)c3)s2)cc1OCCO,7.09,3.813420000000003
O=C(Nc1cnn(Cc2cccc(F)c2)c1)c1cc(-c2ccon2)on1,7.08,2.9658000000000007
NC(=O)c1cnc(N2CC[C@H](Oc3ccccc3C(F)(F)F)C2)s1,7.08,2.9185000000000016
Clc1cccc(Nc2n[nH]c3ccccc23)c1,7.08,3.959900000000001
Cc1cn(-c2ccc(N3CCC(n4ccc5ccccc54)CC3)nn2)cn1,7.07,3.7669200000000025
Cn1ccc(NC(=O)c2cn(Cc3cccc(OC(F)(F)F)c3)cn2)n1,7.06,2.815800000000001
NC(=O)c1ncccc1NCC(=O)N1CCC(Oc2ccccc2C(F)(F)F)CC1,7.05,2.6812000000000005
O=C(Nc1cnn(Cc2ccccc2)c1)c1cc(-c2ccco2)on1,7.05,3.431700000000002
NC(=O)CCn1c(=O)c(-c2cccnc2)nc2cnc(NCc3cccc(C(F)(F)F)c3)nc21,7.04,2.7548000000000004
Cn1cc(-c2ccc(N3CCC(n4ncc5ccccc54)CC3)nn2)cn1,7.04,3.0683000000000016
NC(=O)c1nccnc1NCC(=O)N1CCC(Oc2ccccc2Cl)CC1,7.03,1.7107999999999992
C[S+]([O-])c1ccc2nc(-c3ccc(-c4ccccc4F)cc3)[nH]c2c1,7.02,4.773400000000003
COc1ccc(-c2nc3ccc(NCc4cccc(C)c4)nc3n(CCNC(C)=O)c2=O)cc1,7.02,3.523720000000001
Cc1csc(NC(=O)c2ccc(CNc3ccccc3)cc2)n1,7.02,4.315920000000003
COc1ncc(-c2ccc(N3CCC(c4noc5ccc(F)cc45)CC3)nn2)cn1,7.02,3.6065000000000023
Cc1nc(N2CCN(Cc3ccc(F)cc3)C2=O)sc1C(=O)NCc1ncco1,7.02,2.950820000000001
CNC(=O)c1ncccc1NCC(=O)N1CCC(Oc2ccccc2C(F)(F)F)CC1,7.01,2.9419000000000013
CNC(=O)c1nccnc1NCC(=O)N1CCC(Nc2ccccc2C(F)(F)F)CC1,7.0,2.37
Cn1ccnc(N2CCC(Oc3ccccc3C(F)(F)F)CC2)c1=O,7.0,2.8469000000000015
O=C(NCCCCC1CC1)c1ccc(N2CCN(C(=O)c3ccccc3C(F)(F)F)CC2)nn1,7.0,3.7679000000000027
CC(C)CCNC(=O)c1ccc(N2CCN(C(=O)c3ccccc3C(F)(F)F)CC2)nc1,7.0,3.838700000000003
O=C(NCCC1CC1)c1ccc(N2CCN(C(=O)c3cc(Cl)ccc3Cl)CC2)nn1,7.0,3.2757000000000023
Cn1cc(-c2ccc(N3CCC(N4CCc5cc(F)ccc54)CC3)nn2)cn1,7.0,3.0477000000000016
O=C(NCc1cccnc1)c1nccnc1NCC(=O)N1CCC(Oc2ccccc2Cl)CC1,7.0,2.9369000000000005
CCN1CCC2(CCN(c3ccc(C(=O)NCC(O)c4cccnc4)nn3)CC2)Oc2ccccc21,7.0,2.9830000000000005
N#CC1(c2ccc([N+](=O)[O-])cc2)CCN(c2ccc(-c3nc(CO)no3)nn2)CC1,7.0,1.98888
O=C(NCCO)c1nccnc1NCC(=O)N1CCC(Oc2ccccc2Cl)CC1,7.0,1.3339999999999999
Cc1cnc(N2CCC(Oc3cc(F)ccc3Cl)CC2)nn1,7.0,3.0203200000000017
C#CCNC(=O)c1ccc(C(=O)Nc2nc3ccc(OC)cc3s2)cc1,7.0,2.9202000000000012
FC(F)(F)c1ccc(Cl)c(OC2CCN(c3nccnn3)CC2)c1,7.0,3.5916000000000023
COc1ccc(-c2nc3ccc(NCc4cccc(Cl)c4)nc3n(CCNC(C)=O)c2=O)cc1,7.0,3.8687000000000022
O=C(NCCc1ccccc1)c1ccc(N2CCN(C(=O)c3ccccc3C(F)(F)F)CC2)nc1,7.0,4.035300000000003
Cc1cnnc(N2CCC(Oc3cc(F)ccc3Cl)CC2)n1,7.0,3.020320000000001
O=C(NCc1cccnc1)c1cc(-n2cnn(Cc3ccc(F)cc3)c2=O)n[nH]1,6.99,1.2694999999999999
Cc1nc(-n2cnn(Cc3ccc(F)cc3)c2=O)sc1C(=O)NCc1cc[nH]n1,6.98,1.6394199999999999
O=C(NCC(O)c1ccccc1)c1ccc(N2CCC(C(=O)c3ccccc3)CC2)nn1,6.97,3.0393000000000017
COC1(c2ccccc2)CCN(c2ccc(-c3nc(CO)no3)nn2)CC1,6.96,2.1610000000000005
COc1ccc(-c2nc3ccc(NCc4ccc(Cl)cc4)nc3n(CCNC(C)=O)c2=O)cc1,6.96,3.8687000000000022
CCNC(=O)c1ncccc1NCC(=O)N1CCC(Oc2ccccc2C(F)(F)F)CC1,6.96,3.3320000000000016
O=C(CO)Nc1ccc2ncn(Cc3ccc(Cl)c(C(F)(F)F)c3)c(=O)c2c1,6.96,3.0478000000000014
Fc1ccc2onc(C3CCN(c4ccc(-c5cn[nH]c5)nn4)CC3)c2c1,6.96,3.5310000000000015
O=C(NCc1ccncc1)c1nccnc1NCC(=O)N1CCC(Oc2ccccc2Cl)CC1,6.96,2.9369000000000005
O=C(NCc1ccccn1)c1nccnc1NCC(=O)N1CCC(Oc2ccccc2Cl)CC1,6.96,2.9369000000000005
O=C(Nc1cnn(Cc2ccccc2)c1)c1cc(C2CC2)on1,6.96,3.049100000000001
CS(=O)(=O)c1cnc2nc(-c3ccc(-c4ccccc4F)cc3)[nH]c2c1,6.95,3.834500000000003
Cc1csc(-c2ccc(N3CCC(c4noc5ccc(F)cc45)CC3)nn2)c1,6.94,5.177820000000004
CC(=O)NCCn1c(=O)c(-c2cccnc2)nc2ccc(NCc3cccc(C(F)(F)F)c3)nc21,6.92,3.6205000000000016
Cc1nc(-n2ccc(O)cc2=O)sc1C(=O)NCCc1ccc(F)cc1,6.92,2.41962
O=C(CO)Nc1ccc2ncn(Cc3ccc(Cl)c(Cl)c3)c(=O)c2c1,6.92,2.6824000000000012
CNC(=O)CCn1c(=O)c(-c2ccc(OC)cc2)nc2ccc(NCc3cccc(C(F)(F)F)c3)nc21,6.92,4.234100000000002
O=C(NCCO)c1ncccc1NCC(=O)N1CCC(Oc2ccccc2C(F)(F)F)CC1,6.92,2.3044000000000002
CC(C(=O)N1CCN(c2ccc(C(=O)NCCC3CC3)nn2)CC1)(C(F)(F)F)C(F)(F)F,6.92,2.7860000000000005
Cc1ccc(-c2ccc(N3CCC(n4ccc5ccc(F)cc54)CC3)nn2)s1,6.92,5.448820000000004
COc1ccc2nc(NC(=O)c3ccc(N=[N+]=[N-])cc3)sc2c1,6.92,4.499000000000001
O=C(c1cc(-c2ccccc2)on1)N1CC(Cc2ccccc2)C1,6.92,3.6563000000000017
O=C(NCc1ccc(C(F)(F)F)o1)c1ccc(N2CCN(C(=O)c3ccccc3C(F)(F)F)CC2)nn1,6.91,3.9996000000000027
Cc1ccn(-c2ccc(N3CCC(c4noc5ccc(F)cc45)CC3)nn2)n1,6.9,3.6350200000000017
Cc1nc(-n2cnn(Cc3cc(F)cc(F)c3)c2=O)sc1C(=O)NCc1cccnc1,6.9,2.4504200000000003
COc1ccc(C(=O)Nc2ncc(Cc3cc(Cl)ccc3Cl)s2)cc1OCCO,6.9,4.672700000000003
O=C(NCCCc1ccccc1)c1ccc(N2CCN(C(=O)c3ccccc3C(F)(F)F)CC2)nn1,6.9,3.820400000000003
O=C(Nc1ccccc1)c1ccc(N2CCN(C(=O)c3ccccc3C(F)(F)F)CC2)nn1,6.9,3.7101000000000024
Cn1cc(-c2ccc(N3CCC(n4ccc5ccccc54)CC3)nn2)cn1,6.9,3.673300000000002
COc1ccc(-c2nc3ccc(NCc4ccc(C)c(C)c4)cc3n(CCNC(C)=O)c2=O)cc1,6.89,4.437140000000004
OCc1noc(-c2ccc(N3CCC(O)(c4ccccc4)CC3)nn2)n1,6.89,1.5069
O=C(O)c1ccc(-c2ccc(N3CCC(Oc4cc(F)ccc4Br)CC3)nn2)nc1,6.89,4.186200000000003
C#CCOc1ccc(C(=O)c2ccc(C(=O)Nc3nc4ccc(OC)cc4s3)cc2)cc1,6.89,4.800200000000004
O=C(Nc1cnn(Cc2ccccc2)c1)c1cc(-c2nncs2)on1,6.88,2.690200000000001
Cc1nc(N2CCN(CC3CCCCC3)C2=O)sc1C(=O)NCc1cccnc1,6.87,3.5988200000000026
Cc1nc(-n2ccc(O)cc2=O)sc1C(=O)NCc1cccc(F)c1,6.86,2.3771200000000006
COc1ccc(-c2nc3cnc(NCc4ccc(Cl)c(Cl)c4)nc3n(CCC(N)=O)c2=O)cc1,6.85,3.6564000000000023
O=C(Nc1nc2ccccc2s1)c1ccc([N+](=O)[O-])cc1,6.85,3.456800000000002
Cc1nc(-n2cnn(CC3CC3)c2=O)sc1C(=O)NCc1cccnc1,6.85,1.5339200000000002
O=C(NCc1ccccc1)c1nccnc1NCC(=O)N1CCC(Oc2ccccc2Cl)CC1,6.85,3.541900000000002
COc1ccc(C(=O)Nc2ncc(Cc3cccc(C(F)(F)F)c3)s2)cc1OC,6.84,5.022200000000003
COc1ccc(C(=O)Nc2ccc(Cc3cccc(C(F)(F)F)c3)s2)cc1OCCO,6.84,4.9897000000000045
Cc1ccccc1C(=O)C1CCN(c2ccc(C(=O)NCC(O)c3ccncc3)nn2)CC1,6.84,2.742720000000001
Cn1cc(-c2ccc(N3CCC(n4ncc5cc(F)ccc54)CC3)nn2)cn1,6.84,3.2074000000000007
NC(=O)c1cnc(N2CCN(Cc3ccccc3C(F)(F)F)CC2)s1,6.82,2.583000000000001
O=C1OC(c2ccc(F)cc2)CN1c1ccccc1,6.82,3.523600000000002
Cc1csc(NC(=O)c2ccc(COc3ccccc3Cl)cc2)n1,6.82,4.936220000000003
CC(C)(C)c1cc(C(=O)Nc2cnn(Cc3ccccc3)c2)no1,6.82,3.4692000000000016
Fc1ccc2onc(C3CCN(c4ccc(-n5ccnc5)nn4)CC3)c2c1,6.81,3.326600000000001
Nc1ccccc1C(=O)Nc1ccc(F)c(Cl)c1,6.81,3.313600000000001
O=C(NCC(O)c1ccccc1)c1ccc(N2CCC3(CC2)CC(O)c2ccc(F)cc2O3)nn1,6.81,2.9342000000000015
COc1ccc2nc(NC(=O)c3ccc([N+](=O)[O-])cc3)sc2c1,6.8,3.4654000000000016
N#Cc1ccc(-c2cc(C(=O)N3CCC(c4ccccc4)CC3)no2)c(F)c1,6.8,4.372180000000003
O=C(NCc1ccc(Cl)s1)c1ccc2[nH]c(-c3ccc(C(=O)c4ccccc4C(F)(F)F)cc3)nc2c1,6.8,7.1246000000000045
Cc1nc(N2CCN(Cc3ccccc3)C2=O)sc1C(=O)NCc1ccccn1,6.8,3.218720000000002
Nc1ncnc2[nH]c(N3CCC(Oc4ccccc4C(F)(F)F)CC3)nc12,6.79,3.0017000000000014
Fc1ccc2onc(C3CCN(c4ccc(-c5cccnc5)nn4)CC3)c2c1,6.78,4.202900000000003
O=C(O)CNc1nc2cnc(N3CCC(Oc4cc(F)ccc4Br)CC3)nc2s1,6.78,3.5322000000000022
Cc1cc(-c2ccc(N3CCC(c4noc5ccc(F)cc45)CC3)nn2)ccn1,6.77,4.511320000000004
Clc1cccc(NC2CCc3ccccc32)c1,6.76,4.439400000000003
Cn1cc(-c2ccc(N3CCC(n4ccc5ccc(C(F)(F)F)cc54)CC3)nn2)cn1,6.76,4.692100000000004
O=C(Nc1cccc(Cl)c1)c1ccccc1O,6.76,3.2979000000000007
O=C1CCCN1c1cnc(N2CCC(Oc3ccccc3C(F)(F)F)CC2)s1,6.76,4.336500000000004
Cc1ccccc1C(=O)C1CCN(c2ccc(C(=O)NCC(O)c3ccccn3)nn2)CC1,6.75,2.742720000000001
O=C(NCc1nccs1)c1ccc2[nH]c(-c3ccc(C(=O)c4ccccc4C(F)(F)F)cc3)nc2c1,6.75,5.866200000000003
COc1ccc(-c2nc3ccc(NCc4cc(C(F)(F)F)ccn4)nc3n(CCNC(C)=O)c2=O)cc1,6.75,3.629100000000002
O=C(CO)Nc1ccc2c(=O)n(Cc3ccc(Cl)c(Cl)c3)cnc2c1,6.75,2.6824000000000003
O=C(O)Cn1nnc(-c2cnc(N3CCC4(CC3)NC(=O)c3ccccc3O4)s2)n1,6.74,1.0001
Cn1cc(-c2ccc(N3CCC(n4ccc5cc(Cl)ccc54)CC3)nn2)cn1,6.74,4.326700000000004
Cc1ncc2sc(N3CCC(Oc4ccccc4C(F)(F)F)CC3)nc2n1,6.74,4.461320000000003
O=C(Nc1cnn(Cc2cccc(F)c2)c1)c1cc(-c2cnco2)on1,6.73,2.9658000000000007
Cc1ccn(-c2nc(C)c(C(=O)NCc3ccccc3)s2)c(=O)c1,6.72,2.840840000000001
O=C(NCCC1CC1)c1ccc(N2CCN(C(=O)c3cc(F)ccc3Cl)CC2)nn1,6.72,2.761400000000001
N#CC1(c2ccccc2)CCN(c2ccc(-c3nc(CO)no3)nn2)CC1,6.72,2.08068
O=C(Nc1cnn(Cc2cccc(F)c2)c1)c1cc(-c2cncs2)on1,6.72,3.434300000000002
O=C(Nc1ccc2ncn(Cc3ccc(Cl)c(Cl)c3)c(=O)c2c1)OCc1ccccc1,6.71,5.500300000000004
Cc1cnc(CNC(=O)c2sc(-n3cnn(Cc4ccc(F)cc4)c3=O)nc2C)cn1,6.71,2.0147399999999998
Cc1nc(N2CCN(Cc3ccccc3)C2=O)sc1C(=O)NCc1ccc(F)cc1,6.71,3.9628200000000025
NC(=O)c1nnc(N2CCC(Oc3ccccc3C(F)(F)F)CC2)o1,6.7,2.2351
Cn1cc(Cl)nc(N2CCC(Oc3cc(C(F)(F)F)ccc3Cl)CC2)c1=O,6.7,4.153700000000003
Cn1nccc(N2CCC(Oc3cc(C(F)(F)F)ccc3Cl)CC2)c1=O,6.7,3.500300000000003
Cn1cc(Cl)nc(N2CCC(Oc3ccccc3C(F)(F)F)CC2)c1=O,6.7,3.500300000000002
CC1(c2cc(C(=O)Nc3cnn(Cc4ccccc4)c3)no2)COC1,6.68,2.4596
O=C(c1cc(-c2ccccc2)on1)N1CCN(c2cccc(F)c2)CC1,6.68,3.443100000000002
O=Cc1nccnc1NCC(=O)N1CCC(Oc2ccccc2Cl)CC1,6.68,2.4244000000000003
COc1ccc(-c2nc3ccc(NCc4cccc(OC(F)(F)F)c4)nc3n(CCNC(C)=O)c2=O)cc1,6.68,4.113900000000002
Cc1nc(-n2cnn(Cc3ccc(F)cc3)c2=O)sc1C(=O)NCc1ncco1,6.67,1.90432
NC1(c2ccccc2)CCN(c2ccc(-c3nc(CO)no3)nn2)CC1,6.66,1.4732999999999998
O=C(Nc1ccc2ncn(Cc3ccc(F)c(Cl)c3)c(=O)c2c1)OCc1ccccc1,6.66,4.986000000000004
O=C(Nc1cnn(Cc2cccc(F)c2)c1)c1cc(N2CCOCC2)on1,6.66,2.1474
Cc1c(C(=O)N=C(N)N)ncn1Cc1ccc(Cl)cc1,6.66,1.3068200000000008
Cn1cc(-c2ccc(N3CCC(N4CCc5cc(Cl)ccc54)CC3)nn2)cn1,6.66,3.562000000000002
Cc1nc(N2CCN(Cc3ccccc3)C2=O)sc1C(=O)NCc1cccc(F)c1,6.66,3.9628200000000033
O=C(NCC(O)c1ccccc1)c1ccc(N2CCC3(CC2)Cc2ccccc2C(=O)O3)nn1,6.64,2.692100000000001
Cc1nc(-n2cnn(Cc3ccc(C(F)(F)F)cc3)c2=O)sc1C(=O)NCc1ccccn1,6.64,3.191020000000001
O=C(c1cc(-c2ccco2)on1)N1CC(Cc2ccccc2)C1,6.64,3.2493000000000016
CS(=O)(=O)c1ccc2nc(-c3ccc(-c4cccs4)cc3)[nH]c2c1,6.64,4.361900000000003
O=C(Nc1cnn(Cc2cccc(F)c2)c1)c1cc(-c2ccns2)on1,6.63,3.434300000000002
Cc1nc(-c2n[nH]c(Cc3ccccc3)n2)sc1C(=O)NCc1ccccc1,6.63,3.7574200000000024
Cc1ccc2c(c1)N(C1CCN(c3ccc(-c4cnn(C)c4)nn3)CC1)CC2,6.62,3.2170200000000015
Nc1ccccc1C(=O)Nc1cc(Cl)cc(Cl)c1,6.61,3.8279000000000014
O=C(O)Cn1nnc(-c2cnc(N3CCC4(C=Cc5ccccc54)CC3)s2)n1,6.61,2.4462
O=C(NCCc1ccccc1)c1ccc(N2CCN(C(=O)c3ccccc3C(F)(F)F)CC2)cn1,6.6,4.035300000000003
O=C(Nc1ccc2ncn(Cc3ccc(Cl)cc3)c(=O)c2c1)OCc1ccccc1,6.6,4.846900000000003
CC(=O)NCCn1c(=O)c(-c2cccnc2)nc2cnc(NCc3ccc(Cl)c(Cl)c3)nc21,6.6,3.3035000000000005
Cc1cn(-c2ccc(N3CCC(c4noc5cc(F)ccc45)CC3)nn2)cn1,6.59,3.6350200000000026
CS(=O)(=O)c1ccc2nc(-c3ccc(-c4ccccc4Cl)cc3)[nH]c2c1,6.59,4.953800000000003
FC(F)(F)c1ccc2[nH]nc(Nc3cccc(Cl)c3)c2c1,6.59,4.978700000000001
NC(=O)c1cnc(N2CCN(C(=O)c3ccccc3C(F)(F)F)CC2)s1,6.59,2.2232000000000003
FC(F)(F)c1ccccc1OC1CCN(c2ncc3nc[nH]c3n2)CC1,6.59,3.419500000000001
CC(C)CNC(=O)c1nccnc1NCC(=O)N1CCC(Oc2ccccc2Cl)CC1,6.58,2.997700000000001
O=C(Nc1cnn(Cc2ccccc2)c1)c1cc(-c2cncs2)on1,6.58,3.2952000000000012
COc1ccc(-c2cc(C(=O)N3CC(c4ccccc4)C3)no2)nc1,6.58,2.984800000000001
O=C(Nc1nc2ccccc2s1)c1cccnc1,6.58,2.943600000000001
O=C(Nc1ncc(CCCO)s1)c1ccc(CNc2ccccc2C(F)(F)F)cc1,6.58,4.951200000000004
Clc1cccc(Nc2ncnc3sccc23)c1,6.58,4.088300000000001
O=c1[nH]ccc2nc(N3CCC(Oc4ccccc4C(F)(F)F)CC3)sc12,6.57,4.051200000000003
Cc1nc(-n2cnn(Cc3ccc(F)cc3)c2=O)sc1C(=O)NCc1cccnc1,6.57,2.3113200000000003
COc1ccc2sc(NC(=O)c3ccc([N+](=O)[O-])cc3)nc2c1,6.57,3.4654000000000016
Fc1ccc2c(c1)N(C1CCN(c3ccc(-c4cnn(CCN5CCOCC5)c4)nn3)CC1)CC2,6.56,2.842900000000001
Cc1cc(CNC(=O)c2sc(-n3cnn(Cc4ccc(F)cc4)c3=O)nc2C)[nH]n1,6.55,1.9478399999999998
CN1CCC2(CCN(c3ccc(C(=O)NCC(O)c4ccccc4)nn3)CC2)Oc2ccccc21,6.55,3.1979000000000015
O=C(c1cc(-c2ccco2)on1)N1CC(Oc2ccccc2)C1,6.55,2.838000000000001
O=C(NCCC1CC1)c1ccc(N2CCN(C(=O)c3ccoc3C(F)(F)F)CC2)nn1,6.54,2.580700000000001
Cc1ccc2ccn(C3CCN(c4ccc(-c5cnn(C)c5)nn4)CC3)c2c1,6.54,3.981720000000003
OC(c1ccc2[nH]c(-c3ccc(OCc4ccccc4)cc3)nc2c1)c1ccccc1C(F)(F)F,6.53,6.909400000000006
CCCCCCCCC1=C(CCCCCCCC(=O)O)C1,6.52,6.252600000000006
Cc1cnnc(N2CCC(Oc3cc(C(F)(F)F)ccc3Cl)CC2)n1,6.52,3.900020000000003
COc1ccc(CN(C)C(=O)c2ccc3c(c2)OCO3)c(OC)c1,6.51,2.7047000000000008
COc1ccccc1C(=O)C1CCN(c2ccc(C(=O)NCC(O)c3ccccc3)nn2)CC1,6.51,3.047900000000001
Cc1nc(-n2cnn(CC3CC3(F)F)c2=O)sc1C(=O)NCc1cccnc1,6.51,1.77912
Cc1csc(NC(=O)c2ccc(CNc3ccccc3C)nc2)n1,6.51,4.0193400000000015
COc1cccc(C(=O)Nc2nc3ccc(OC)cc3s2)c1,6.51,3.565800000000001
Oc1nc2cnc(N3CCC(Oc4ccccc4C(F)(F)F)CC3)nc2[nH]1,6.5,3.1251000000000007
O=C(NCc1nccs1)c1ccc2[nH]c(-c3ccc(Oc4ccccc4C(F)(F)F)cc3)nc2c1,6.5,6.427500000000003
Cc1nnc(-c2ccc(N3CCC(c4noc5ccc(F)cc45)CC3)nn2)o1,6.5,3.4993200000000018
COc1ccc2ccn(C3CCN(c4ccc(-c5cnn(C)c5)nn4)CC3)c2c1,6.5,3.6819000000000024
O=C(c1cc(-c2ccncn2)on1)N1CC(c2ccccc2)C1,6.49,2.371200000000001
O=C(NCc1nccs1)c1ccc(N2CCN(C(=O)c3ccccc3C(F)(F)F)CC2)nn1,6.49,2.8443000000000005
Cc1nc(-n2ccc(OCC3CCCO3)cc2=O)sc1C(=O)NCc1ccccc1,6.48,3.0902200000000013
COC1(c2cc(C(=O)Nc3cnn(Cc4cccc(F)c4)c3)no2)CCC1,6.47,3.336400000000002
O=C(O)Cn1nnc(-c2nnc(N3CCC4(CC3)Cc3ccccc3C(=O)O4)s2)n1,6.47,1.0283
CS(=O)(=O)c1ccc2nc(-c3ccc(-c4cccc(O)c4)cc3)[nH]c2c1,6.47,4.006000000000002
N#Cc1nccnc1NCC(=O)N1CCC(Oc2ccccc2Cl)CC1,6.47,2.48358
O=C(NCc1ccncc1)c1ncccc1NCC(=O)N1CCC(Oc2ccccc2C(F)(F)F)CC1,6.46,3.907300000000003
O=C(O)c1ccc(-c2ccc(N3CCC(n4ccc5ccc(F)cc54)CC3)nn2)cc1,6.46,4.7771000000000035
O=C(Nc1cnn(Cc2ccccc2F)c1)c1cc(-c2ccco2)on1,6.44,3.570800000000002
COc1ccc(OC)c(N2CCN(C(=O)c3ccc(Cl)cc3)C(C)C2=O)c1,6.44,3.234700000000002
O=C(O)Cn1nnc(-c2nnc(N3CCC4(CCc5c(O)cccc5O4)CC3)s2)n1,6.44,1.3459999999999999
Clc1cccc(Nc2nccc3occc23)c1,6.43,4.224800000000001
CNC(=O)c1ccc(-c2cc(C(=O)N3CCC(c4ccccc4)CC3)no2)cc1,6.42,3.7210000000000027
O=c1[nH]c(N2CCC(Oc3ccccc3C(F)(F)F)CC2)nc2[nH]cnc12,6.42,2.7128000000000005
O=C(O)c1ccc(-c2ccc(N3CCC(N4CCc5ccc(F)cc54)CC3)nn2)cc1,6.41,4.012400000000003
CCCNC(=O)c1ncccc1NCC(=O)N1CCC(Oc2ccccc2C(F)(F)F)CC1,6.41,3.722100000000002
Cn1cc(-c2ccc(N3CCC(N4CCc5ccc(CO)cc54)CC3)nn2)cn1,6.41,2.4009
NC(=O)Cn1cc(-c2ccc(N3CCC(N4CCc5ccc(F)cc54)CC3)nn2)cn1,6.41,1.9959999999999993
Cc1nc(-n2cnn(CCCC(F)(F)F)c2=O)sc1C(=O)NCc1cccnc1,6.4,2.4664200000000003
COc1ccc2c(c1)N(C1CCN(c3ccc(-c4cnn(C)c4)nn3)CC1)CC2,6.39,2.917200000000001
C[C@@H]1[C@H](c2ccc(F)cc2)OC(=O)N1c1cccc(C#N)c1,6.39,3.783780000000003
O=C(c1cc(-c2ccncc2)on1)N1CCC(c2ccccc2)CC1,6.39,3.756400000000003
Cc1ccc(C(=O)Nc2cccc(C(F)(F)F)c2)cc1Nc1nc(-c2cccnc2)nc2nn(C)cc12,6.39,5.748420000000004
O=C(NCc1cccnc1)c1ncccc1NCC(=O)N1CCC(Oc2ccccc2C(F)(F)F)CC1,6.37,3.907300000000003
O=C(NCc1ccc(Cl)s1)c1ccc2[nH]c(-c3ccc(Oc4ccccc4C(F)(F)F)cc3)nc2c1,6.36,7.6859000000000055
O=C(Nc1cnn(Cc2cccc(F)c2)c1)c1cc(-c2ccncn2)on1,6.36,2.7678000000000003
CC1(C)C(c2ccc(F)cc2)OC(=O)N1c1cccc(C#N)c1,6.35,4.173880000000003
Cc1nc(-n2ccc(C3CC3)cc2=O)sc1C(=O)NCc1ccccc1,6.34,3.4098200000000016
CNC(=O)c1nccnc1NCC(=O)N1CCC(Oc2c(F)cccc2F)CC1,6.33,1.5962999999999998
O=C(Nc1cnn(Cc2ccccc2)c1)c1cc(-c2ccccc2)on1,6.33,3.838700000000002
Cc1nc(-n2cnn(Cc3ccc(F)cc3)c2=O)sc1C(=O)NCc1cnn(C)c1,6.32,1.6498199999999998
O=C(c1cc(-c2ccccc2)on1)N1CC(Oc2ccccc2)C1,6.31,3.245000000000001
Cc1nc(-n2cnn(Cc3ccc(F)cc3)c2=O)sc1C(=O)NCc1cn(C)cn1,6.3,1.6498199999999998
Nc1ccccc1C(=O)Nc1cccc(F)c1,6.29,2.6602000000000006
Cc1nc(N2CCN(Cc3ccccc3)C2=O)sc1C(=O)NCc1cccnc1,6.28,3.218720000000001
FC(F)(F)c1ccccc1OC1CCN(c2nccnn2)CC1,6.26,2.938200000000001
Cn1cc(Cl)nc(N2CCC(Oc3ccccc3Cl)CC2)c1=O,6.26,3.134900000000002
CC1CN(c2nccnn2)CCC1Oc1cc(C(F)(F)F)ccc1Cl,6.26,3.837600000000003
O=C(O)c1ccc(-c2ccc(N3CCC(Oc4ccccc4C(F)(F)F)CC3)nn2)cc1,6.26,4.908400000000004
O=C(Nc1ccccc1)c1nccnc1NCC(=O)N1CCC(Oc2ccccc2Cl)CC1,6.26,3.864200000000003
COc1ccc2nc(NC(=O)c3ccc(C(=O)N4CCCCC4)cc3)sc2c1,6.26,4.183300000000004
O=[N+]([O-])c1ccccc1OC1CCN(c2nccnn2)CC1,6.26,1.8276
Cc1nnc(N2CCC(Oc3cc(C(F)(F)F)ccc3Cl)CC2)nc1C,6.26,4.208440000000003
Cc1ccccc1OC1CCN(c2nc(Cl)cn(C)c2=O)CC1,6.26,2.7899200000000004
Clc1ccccc1OC1CCN(c2nccnn2)CC1,6.26,2.5728
O=C(NCc1ccccc1)c1ncccc1NCC(=O)N1CCC(Oc2ccccc2Cl)CC1,6.25,4.146900000000003
O=C(NCc1ccccc1)c1ccccc1NCC(=O)N1CCC(Oc2ccccc2Cl)CC1,6.24,4.751900000000004
O=C(O)CCc1cnc(NC(=O)c2ccc(CNc3ccccc3C(F)(F)F)cc2)s1,6.24,5.0435000000000025
O=C(Nc1cnn(Cc2cccc(F)c2)c1)c1cc(-c2cccnc2)on1,6.23,3.3728000000000016
CC(C)c1cc(C(=O)Nc2cnn(Cc3ccccc3)c2)on1,6.22,3.2951000000000015
O=C(NCC(O)c1cccnc1)c1ccc(N2CCC3(CC2)CCN(CCO)c2ccccc2O3)nn1,6.22,1.9554
COc1cc2sc(NC(=O)c3ccc(C(=O)c4ccccc4)cc3)nc2cc1Br,6.21,5.550700000000003
Cc1nc(-c2cncc(Cc3ccccc3)n2)sc1C(=O)NCc1ccccc1,6.21,4.429320000000003
CC1CN(c2nccnn2)CCC1Oc1cc(Cl)ccc1Cl,6.19,3.4722000000000026
FC(F)(F)c1ccc(Cl)c(OC2CCN(c3nccnn3)C2)c1,6.19,3.201500000000002
Cc1cnnc(N2CCC(Oc3ccccc3Cl)CC2)n1,6.19,2.881220000000001
Cc1nc(N2CCN(Cc3ccccc3)C2=O)sc1C(=O)NCc1ccncc1,6.18,3.218720000000001
O=C(c1cc(-c2ccncc2)on1)N1CC(c2ccccc2)C1,6.18,2.9762000000000013
CC(CNC(=O)c1ccc(N2CCN(C(=O)c3ccccc3C(F)(F)F)CC2)nn1)c1ccccc1,6.18,3.9913000000000034
Cc1nc(-n2cc(Cc3ccccc3)nn2)sc1C(=O)NCc1ccccc1,6.17,3.553020000000002
Cn1cc(-c2ccc(N3CCC(n4ccc5c(F)cccc54)CC3)nn2)cn1,6.17,3.812400000000002
O=C(Nc1nc2ccccc2s1)c1ccc(-c2ccccc2)cc1,6.16,5.215600000000004
CN1CCC2(CCN(c3ccc(C(=O)NCC(O)c4cccnc4)nn3)CC2)Oc2ccccc21,6.16,2.5928999999999993
O=C(Nc1cnn(Cc2ccccc2)c1)c1cc(-c2ccccn2)on1,6.16,3.2337000000000016
O=C(O)Cn1nnc(-c2nnc(N3CCC4(CC3)CC(=O)c3ccccc3O4)s2)n1,6.15,1.2805999999999995
O=C(NCc1ccccn1)c1cc(-n2cnn(Cc3ccc(F)cc3)c2=O)n[nH]1,6.14,1.2694999999999999
CC(C)(C)c1ccc2nc(-c3ccc(-c4ccccc4F)cc3)[nH]c2c1,6.14,6.333500000000005
Cc1cccc(C(=O)Nc2nc3ccccc3s2)c1,6.14,3.857020000000002
O=C(c1cc(-c2ccccc2)on1)N1CCN(c2ccccc2)CC1,6.14,3.304000000000001
CCCCN1CCN(c2nc(C)c(C(=O)NCc3cccnc3)s2)C1=O,6.13,2.818620000000001
O=C(Nc1cnn(Cc2cccc(F)c2)c1)c1cc(C2COC2)on1,6.13,2.4246
NC(=O)c1cn(Cc2cc(Br)c(Br)c(Br)c2)nn1,6.12,2.7128000000000005
Cc1csc(NC(=O)c2ccc(CNc3ccc(Cl)cc3)cc2)n1,6.12,4.969320000000003
FC(F)(F)c1ccccc1OC1CCN(c2nc3ncccc3s2)CC1,6.12,4.757900000000002
COC(=O)Nc1cnc(N2CCC(Oc3ccccc3C(F)(F)F)CC2)s1,6.11,4.388000000000003
Cc1nc(-n2ccc(O)cc2=O)sc1C(=O)NCCC1CC1,6.11,1.8379199999999998
O=C(NCCc1ccccc1)c1ncccc1NCC(=O)N1CCC(Oc2ccccc2C(F)(F)F)CC1,6.11,4.554800000000004
O=C(O)Cc1cncc(-c2ccc(N3CCC(Oc4cc(F)ccc4Br)CC3)nn2)c1,6.11,4.1151000000000035
Cc1ccc(Cn2cnc3ccc(NC(=O)OCc4ccccc4)cc3c2=O)cc1C,6.1,4.810340000000004
O=C(NCCc1ccccc1)c1ccc(N2CCN(C(=O)c3ccccc3C(F)(F)F)CC2)cc1,6.09,4.640300000000004
COc1ccc(C(=O)N(C)c2ncc(Cc3cccc(C(F)(F)F)c3)s2)cc1OCCO,6.08,4.409000000000005
CC(C)c1cccc(NC(=O)c2ccccc2N)c1,6.07,3.6445000000000007
O=C(c1cc(-c2ccc3c(c2)OCO3)on1)N1CC(c2cccc(F)c2)C1,6.06,3.4490000000000025
COc1ccc(C(=O)Nc2ncc(C(O)c3cccc(C(F)(F)F)c3)s2)cc1OCCO,6.05,3.8756000000000026
COc1ccc2nc(NC(=O)c3ccc(F)cc3)sc2c1,6.05,3.6963000000000017
O=C(O)Cn1nnc(-c2nnc(N3CCC(Oc4cc(F)ccc4Br)CC3)s2)n1,6.04,2.2256
COc1cccc(C(=O)Nc2ncc(Cc3cccc(C(F)(F)F)c3)s2)c1,6.04,5.013600000000003
Cn1cc(-c2ccc(N3CCC(n4nnc5ccccc54)CC3)nn2)cn1,6.03,2.4633000000000003
Cc1nc(-n2cnn(Cc3ccc(F)cc3)c2=O)sc1C(N)=O,6.03,1.08522
CCOc1ccc(O)c(C(=O)Nc2cccc(Cl)c2)c1,6.03,3.696600000000002
COC1(c2cc(C(=O)Nc3cnn(Cc4ccccc4)c3)no2)CCC1,6.03,3.197300000000002
O=C(O)Cn1nnc(-c2cnc(OCCCOc3cc(OC(F)(F)F)ccc3Br)s2)n1,6.01,3.390200000000002
N#Cc1ccc(-c2cc(C(=O)Nc3cnn(Cc4ccccc4)c3)no2)cc1,6.01,3.7103800000000016
CNC(=O)c1nccnc1NCC(=O)N1CCC(C(=O)c2ccccc2)CC1,6.0,1.3695999999999995
Cc1ncc(-c2cc(C(=O)Nc3cnn(Cc4cccc(F)c4)c3)no2)o1,6.0,3.2742200000000015
Cn1cc(-c2ccc(N3CCC(N4CCc5c(Cl)cccc54)CC3)nn2)cn1,6.0,3.562000000000002
Cn1cc(-c2ccc(N3CCC(N4CCc5c(Cl)cc(Cl)cc54)CC3)nn2)cn1,6.0,4.215400000000003
O=C1CC2(CCN(c3ccc(C(=O)NCC(O)c4ccccc4)nn3)CC2)Oc2ccccc2N1,6.0,2.7002000000000006
O=C(O)C(=O)Nc1ccc2ncn(Cc3ccc(Cl)c(Cl)c3)c(=O)c2c1,6.0,2.774700000000001
O=C(CO)Nc1ccc2ncn(Cc3cccc(-c4ccccc4)c3)c(=O)c2c1,6.0,3.042600000000002
COc1ccc(C(=O)Nc2ncc(Oc3cccc(C(F)(F)F)c3)s2)cc1OCCO,6.0,4.586200000000003
O=C(NCC(O)c1cccnc1)c1ccc(N2CCC3(CC2)CC(=O)c2ccccc2O3)nn1,6.0,2.3394000000000004
Cc1nc2ccc(NCc3cccc(C(F)(F)F)c3)cc2n(CCNC(N)=O)c1=O,6.0,3.0041200000000003
Cc1nc(-n2ccc(O)cc2=O)sc1C(=O)NCc1ccncc1,6.0,1.6330199999999997
NC(=O)c1ccc(-c2ccc(N3CCC(N4CCc5ccc(F)cc54)CC3)nn2)cc1,6.0,3.4131000000000027
CC(C)(C)OC(=O)c1ccc(-c2ccc(N3CCC(N4CCc5ccc(F)cc54)CC3)nn2)cc1,6.0,5.269500000000005
Cn1cc(-c2ccc(N3CCC(n4c(C(F)(F)F)nc5ccccc54)CC3)nn2)cn1,6.0,4.087100000000003
Cc1ccc(-c2ccc(N3CCC(c4noc5ccc(F)cc45)CC3)nn2)cc1,6.0,5.116320000000004
CNC(=O)c1cccnc1NCC(=O)N1CCC(Oc2ccccc2C(F)(F)F)CC1,6.0,2.9419000000000013
O=C(NCC(O)c1ccccc1)c1ccc(N2CCC3(CCNc4ccccc4O3)CC2)nn1,6.0,3.173600000000002
NS(=O)(=O)c1cnc(N2CCC(Oc3ccccc3C(F)(F)F)CC2)s1,5.99,2.857100000000001
CC(=O)c1cc(C(=O)Nc2cnn(Cc3cccc(F)c3)c2)no1,5.96,2.5134000000000007
COc1ccc(C(=O)Nc2nc3ccc(OC)cc3s2)cc1,5.96,3.565800000000002
CCCCCCCNC(=O)c1ccc(N2CCN(C(=O)c3ccccc3C(F)(F)F)CC2)nn1,5.96,4.158000000000003
COc1ccc2nc(NC(=O)c3cccnc3)sc2c1,5.96,2.9522000000000004
O=C(O)c1cccc(-c2ccc(N3CCC(Oc4ccccc4C(F)(F)F)CC3)nn2)c1,5.95,4.908400000000004
O=C(Nc1ccc(Oc2cccnc2)c(C(=O)NCc2ccc(Cl)c(Cl)c2)c1)OCc1ccccc1,5.94,6.859400000000004
O=C(NCc1nccs1)c1ccc2[nH]c(-c3ccc(Oc4ccccc4Cl)cc3)nc2c1,5.94,6.0621000000000045
COc1ccc2nc(NC(=O)c3cccc(C)c3)sc2c1,5.92,3.8656200000000025
O=C(Nc1cnn(Cc2cccc(F)c2)c1)c1cc(-c2ncccc2F)on1,5.92,3.5119000000000025
COc1ccc(C(=O)Nc2ncc(Cc3cccc(C(F)(F)F)c3)s2)cc1,5.91,5.013600000000003
CCS(=O)(=O)c1ccc2nc(-c3ccc(-c4ccccc4F)cc3)[nH]c2c1,5.88,4.829600000000004
O=C(NCc1ccc(Cl)s1)c1ccc2[nH]c(-c3ccc(Oc4ccccc4Cl)cc3)nc2c1,5.87,7.3205000000000044
COc1cc(C(=O)Nc2ncc(Cc3cccc(C(F)(F)F)c3)s2)ccc1OCCN1CCOCC1,5.85,4.724600000000004
O=C(Nc1ccncc1)c1ccc(COc2ccccc2Cl)cc1,5.85,4.566300000000003
Cc1nc(-n2ccc(C(F)(F)F)cc2=O)sc1C(=O)NCc1ccccc1,5.82,3.5512200000000016
C#Cc1cc(C(=O)Nc2cnn(Cc3cccc(F)c3)c2)no1,5.8,2.2921000000000005
O=C(c1cc(-c2ccc(F)cn2)on1)N1CC(c2ccccc2)C1,5.8,3.1153000000000013
O=C(c1cc(-c2ccc3c(c2)OCO3)on1)N1CC(c2ccccc2)C1,5.8,3.3099000000000016
COc1ccc(-c2nc3cnc(NCc4ccc(Cl)c(Cl)c4)nc3n(CCNS(C)(=O)=O)c2=O)cc1,5.78,3.3302000000000014
Cc1nc(-n2ccc(O)cc2=O)sc1C(=O)NCC1CC1,5.77,1.4478199999999999
CS(=O)(=O)c1ccc2nc(-c3ccc(-c4ccoc4)cc3)[nH]c2c1,5.77,3.8934000000000024
CS(=O)(=O)c1ccc2nc(-c3ccc(-c4ccccn4)cc3)[nH]c2c1,5.75,3.695400000000002
Cc1nn(Cc2ccccc2)cc1NC(=O)c1cc(-c2ccccc2)on1,5.74,4.147120000000002
O=C(c1cc(-c2ccccc2)on1)N1CC(CCl)(CNc2ccccc2)C1,5.73,4.134700000000002
Cc1nc(-c2noc(Cc3ccccc3)n2)sc1C(=O)NCc1ccccc1,5.72,4.022320000000002
O=C(Nc1cnn(Cc2ccccc2)c1)c1cc(N2CC[C@@H](O)C2)on1,5.7,1.7427
O=C(Nc1cnn(Cc2cccc(F)c2)c1)c1cc(-c2ccccn2)on1,5.69,3.3728000000000016
COc1ccc(C(=O)Nc2ncc(Cc3cccc(C(F)(F)F)c3)s2)cc1OCC(C)O,5.67,4.7732000000000046
Cc1nc(N2C[C@@H](Cc3ccccc3)NC2=O)sc1C(=O)NCc1ccccc1,5.66,3.522420000000001
Cc1cnc(CNC(=O)c2ccc(N3CCN(C(=O)c4ccccc4C(F)(F)F)CC3)nn2)cn1,5.65,2.4862200000000003
CS(=O)(=O)c1ccc2nc(-c3ccc(-c4ccc(O)cc4)cc3)[nH]c2c1,5.63,4.006000000000002
O=C(NCCC1CC1)c1ccc2[nH]c(-c3ccc(Oc4ccccc4Cl)cc3)nc2c1,5.63,6.205500000000004
CC(C)CCNC(=O)c1ccc(N2CCN(C(=O)c3ccccc3C(F)(F)F)CC2)cn1,5.62,3.838700000000003
O=C(O)c1cncc(-c2ccc(N3CCC(Oc4cc(F)ccc4Br)CC3)nc2)c1,5.62,4.7912000000000035
O=C(Nc1cnn(Cc2cccc(F)c2)c1)c1cc(-c2ccncc2)on1,5.62,3.3728000000000016
COc1ccc(Cl)c(N2CC3CN(c4ncc(-c5nnn(CC(=O)O)n5)s4)CC3C2)c1,5.61,2.1158
Cc1nc(-n2ccccc2=O)sc1C(=O)NCc1ccccc1,5.6,2.532420000000001
COc1ccc(-c2nc3ccc(NCc4ccc(C(F)(F)F)cc4)nc3n(CCNC(C)=O)c2=O)cc1,5.6,4.234100000000002
COc1ccc2nc(NC(=O)c3ccc(C(=O)N4CCOCC4)cc3)sc2c1,5.6,3.029600000000001
O=C(c1cc(-c2ccncn2)on1)N1CC(Cc2ccccc2)C1,5.6,2.446300000000001
O=C(c1cc(-c2ccco2)on1)N1CC(c2ccccc2)C1,5.59,3.1742000000000017
Cc1nc(-n2ccc(-c3ccccc3)cc2=O)sc1C(=O)NCc1ccccc1,5.59,4.199420000000003
COc1ccc(C(=O)Nc2nc3ccccc3s2)cc1,5.58,3.5572000000000017
O=C(c1cc(-c2ccccn2)on1)N1CC(c2ccccc2)C1,5.58,2.9762000000000013
COC(=O)c1ccccc1NCc1ccc(C(=O)Nc2nc(C)cs2)cc1,5.57,4.102520000000002
Cc1nc(NC(=O)Cc2ccccc2)sc1C(=O)NCc1ccccc1,5.57,3.5627200000000023
O=C(O)CCCc1csc(NC(=O)c2ccc(CNc3ccccc3C(F)(F)F)cc2)n1,5.57,5.433600000000004
NC(=O)c1n[nH]c(N2CCC(Oc3ccccc3C(F)(F)F)CC2)n1,5.55,1.9701999999999995
COc1ccc(-c2nc3cnc(NCc4ccc(Cl)c(Cl)c4)nc3n(CCNC(=O)c3ccccc3)c2=O)cc1,5.522878745280337,5.211000000000005
FC(F)(F)Oc1ccc2[nH]nc(Nc3cccc(Cl)c3)c2c1,5.522878745280337,4.858500000000001
O=C(Nc1cnn(Cc2cccc(F)c2)c1)c1cc(C2(O)CCC2)on1,5.51,2.6823000000000006
CC(C)(C)OC(=O)n1cc(NC(=O)c2cc(-c3ccccc3)on2)cn1,5.49,3.5736000000000017
O=C(c1cc(-c2ccc3c(c2)OCO3)on1)N1CC=C(c2cc(F)ccc2Cl)CC1,5.49,4.792300000000004
COc1ccc(-c2cc(C(=O)N3CC(c4cccc(F)c4)C3)no2)cc1OC,5.48,3.7375000000000025
O=C(c1cc(-c2ccc(Cl)cn2)on1)N1CC(c2ccccc2)C1,5.47,3.6296000000000026
Cc1csc(NC(=O)c2ccc(CNc3ccccc3C(=O)O)cc2)n1,5.44,4.014120000000001
O=C(c1cc(-c2cccnc2)on1)N1CCC(c2ccccc2)CC1,5.42,3.756400000000003
O=C(Nc1cnn(Cc2cccc(F)c2)c1)c1cc(Cl)on1,5.41,2.964200000000001
O=C(O)Cn1nnc(-c2cnc(OCCCOc3cc(F)ccc3Br)s2)n1,5.41,2.630700000000001
CNC(=O)c1cnc(N2CCN(C(=O)c3ccccc3C(F)(F)F)CC2)s1,5.4,2.4839
COc1ccc(-c2nc3cnc(NCc4ccc(Cl)c(Cl)c4)nc3n(CCNC(=O)c3ccsc3)c2=O)cc1,5.4,5.272500000000004
O=C(Nc1cnn(Cc2ccccc2)c1)c1cc(-c2ccncn2)on1,5.4,2.6287000000000003
O=C(O)Cn1nnc(-c2cnc(N3CCN(c4cc(F)ccc4Cl)CC3)s2)n1,5.38,2.0002999999999997
CNC(=O)c1cc(C(=O)N2CCC(c3ccccc3)C2)no1,5.38,1.6639
CS(=O)(=O)c1ccc2nc(-c3ccc(-c4ccncc4)cc3)[nH]c2c1,5.37,3.695400000000002
COc1cc(C(=O)Nc2ncc(Cc3cccc(C(F)(F)F)c3)s2)ccc1OCC(=O)O,5.36,4.477000000000003
O=C(O)c1cncc(-c2cnc(N3CCC(Oc4cc(F)ccc4Br)CC3)nn2)c1,5.35,3.5812000000000026
O=C(c1cc(-c2ccccc2)on1)N1CC(c2ccccc2)C1,5.34,3.5812000000000017
COc1ccc(-c2nc3cnc(NCc4cccc(Cl)c4)nc3n(CCNC(C)=O)c2=O)cc1,5.34,3.263700000000002
O=C(Nc1nc(-c2ccccc2)cs1)c1ccc(C(=O)c2ccccc2)cc1,5.33,5.293400000000004
N#Cc1cccc(-c2cc(C(=O)Nc3cnn(Cc4ccccc4)c3)no2)c1,5.33,3.7103800000000016
O=C(Nc1cnn(Cc2ccccc2)c1)c1cc(-c2ncccc2F)on1,5.33,3.3728000000000016
O=C(c1cc(-c2ccccc2)on1)N1CC=C(c2cc(F)ccc2Cl)CC1,5.32,5.063600000000004
O=C(Nc1ncc(-c2ccccc2)s1)c1ccc(C(=O)c2ccccc2)cc1,5.3,5.2934000000000045
O=C(O)c1cncc(-c2ccc(N3CCC(Oc4ccccc4I)CC3)nn2)c1,5.29,3.8892000000000024
COCc1ncc(-c2cc(C(=O)Nc3cnn(Cc4ccccc4)c3)no2)s1,5.29,3.441600000000002
O=C(Nc1cnn(Cc2ccccc2)c1)c1cc(-c2ccncc2Cl)on1,5.27,3.887100000000002
O=C(Nc1cnn(Cc2ccccc2)c1)c1cc(-c2ccncc2)on1,5.24,3.2337000000000016
C[C@@H]1[C@@H](c2ccc(F)cc2)OC(=O)N1c1cccc(C#N)c1,5.24,3.783780000000003
CC(C)(C)OC(=O)Nc1cc(C(=O)Nc2cnn(Cc3ccccc3)c2)no1,5.24,3.5187000000000017
O=C(NCCC1CC1)c1ccc(N2CCN(C(=O)c3cnc(Cl)nc3C(F)(F)F)CC2)nn1,5.23,2.4311000000000007
O=C(Nc1cnn(Cc2cnccc2C(F)(F)F)c1)c1cc(-c2ccncn2)on1,5.22,3.0425000000000013
O=C(c1cc(-c2ccc3c(c2)OCO3)on1)N1CCC(Oc2ccccc2)CC1,5.21,3.7539000000000025
CNC(=O)c1nccnc1NCC(=O)N1CCC(Oc2ccccc2)CC1,5.2,1.3181
O=C(O)Cn1nnc(-c2cncc(-c3cn(Cc4cc(Br)c(Br)c(Br)c4)nn3)c2)n1,5.2,3.4140000000000024
CCCCCCNC(=O)c1ncc(N2CCN(C(=O)c3ccccc3C(F)(F)F)CC2)cn1,5.19,3.7679000000000036
NC(=O)c1csc(N2CCC(Oc3ccccc3C(F)(F)F)CC2)n1,5.19,3.308600000000002
O=C(O)c1cncc(-c2cnc(N3CCC(Oc4cc(F)ccc4Br)CC3)cn2)c1,5.17,4.186200000000003
O=C(Nc1cnn(Cc2ccccc2)c1)c1cc(-c2ccns2)on1,5.16,3.2952000000000012
O=C(NCc1ccccc1)c1cccc(NCC(=O)N2CCC(Oc3ccccc3C(F)(F)F)CC2)n1,5.14,4.512300000000004
NC(=O)c1cc(C(=O)N2CCC(c3ccccc3)C2)no1,5.12,1.4032000000000002
COC(=O)c1ccc2nc(NC(=O)c3ccc(C(=O)c4ccccc4)cc3)sc2c1,5.11,4.566200000000003
O=C(Nc1cnn(Cc2cccc(F)c2)c1)c1cc(-c2nncs2)on1,5.09,2.829300000000001
O=C(O)c1cncc(-c2ccc(N3CCC(Oc4cc(F)c(F)cc4Br)CC3)nn2)c1,5.08,4.325300000000003
O=C(Nc1cnn(Cc2ccccc2)c1)c1cc(-c2nccs2)on1,5.05,3.295200000000002
C=C(C)c1cc(C(=O)Nc2cnn(Cc3ccccc3)c2)on1,5.05,3.2048000000000014
O=C(O)Cn1nnc(-c2cnc(N3C[C@@H]4C[C@H]3CN4c3cc(F)ccc3Cl)s2)n1,5.04,2.1411999999999995
O=C(Nc1cnn(Cc2ccccc2F)c1)c1cc(-c2ccccc2)on1,5.03,3.977800000000003
O=C(O)c1cncc(-c2cnc(N3CCC(Oc4cc(F)ccc4Br)CC3)nc2)c1,5.03,4.186200000000003
CN(C)CCOc1ccc(C(=O)Nc2ncc(Cc3cccc(C(F)(F)F)c3)s2)cc1OCCO,5.000043431619807,4.316500000000005
COc1ccc(C(=O)Nc2ncc(Cc3cccc(C(F)(F)F)c3)s2)cc1OCC(O)CO,5.000043431619807,3.7456000000000027
COc1ccc(C(=O)Nc2ncc(Cc3cccc(C(F)(F)F)c3)s2)cc1OCCCO,5.000043431619807,4.774800000000004
Cc1nc(-c2cn(Cc3ccccc3)nn2)sc1C(=O)NCc1ccccc1,5.0,3.688320000000002
Cc1ccccc1NCc1ccc(C(=O)Nc2nc(C(=O)O)cs2)cc1,5.0,4.014120000000002
FC(F)(F)c1cccc2c1CCC1(CCN(c3ccc(-c4nnc(-c5cccnc5)o4)nn3)CC1)O2,5.0,4.971600000000005
CN(C)C(=O)c1ncccc1NCC(=O)N1CCC(Oc2ccccc2C(F)(F)F)CC1,5.0,3.2841000000000014
O=C(O)c1cncc(-c2ccc(N3CCC(Oc4ccccc4Cl)CC3)nn2)c1,5.0,3.9380000000000033
O=C(O)Cn1nnc(-c2nnc(N3CC4CN(c5cc(F)ccc5Cl)CC4C3)s2)n1,5.0,1.6413000000000004
N#Cc1cccc(N2C[C@@H](c3ccc(F)cc3)OC2=O)c1,5.0,3.3952800000000023
O=C(NC1CCCC1)c1ncccc1NCC(=O)N1CCC(Oc2ccccc2C(F)(F)F)CC1,5.0,4.254700000000003
O=C(NCC(O)c1ccccc1)c1ccc(N2CCC3(CC2)Oc2ccccc2C3=O)nn1,5.0,2.5543000000000013
Fc1ccc(Br)c(OC2CCN(c3nc4ccccc4s3)CC2)c1,4.97,5.245700000000003
Cc1ncc(-c2cc(C(=O)Nc3cnn(Cc4ccccc4)c3)no2)o1,4.96,3.1351200000000015
O=C(Nc1cnn(Cc2ccccc2)c1)c1cc(-c2cnsc2)on1,4.96,3.2952000000000012
Cn1cccc(-c2cc(C(=O)Nc3cnn(Cc4cccc(F)c4)c3)no2)c1=O,4.92,2.6765000000000008
O=C(c1cc(-c2ccccc2)on1)N1CC2(C1)CC(O)(c1ccccc1)C2,4.92,3.4654000000000025
Fc1ccc(Br)c(OC2CCN(c3nnc(-c4nn[nH]n4)s3)CC2)c1,4.9,2.6676
O=C(c1ccccc1C(F)(F)F)N1CCN(c2nccs2)CC1,4.89,3.1243000000000016
CNC(=O)c1cc(C(=O)Nc2cnn(Cc3cccc(F)c3)c2)no1,4.82,1.6703999999999997
COc1ccc(C2CCCN2C(=O)c2cc(-c3ccc4nc(N(C)C)oc4c3)on2)cc1,4.82,4.5347000000000035
O=C(Nc1cnn(Cc2ccccc2)c1)c1cc(N2CC[C@H](O)C2)on1,4.82,1.7427
O=C(O)Cn1nnc(-c2cnc(N3CC4CN(c5cc(F)ccc5Cl)CC4C3)s2)n1,4.81,2.2462999999999997
O=C(c1cc(-c2cccnc2)on1)N1CC(c2ccccc2)C1,4.81,2.9762000000000013
O=C(O)c1cncc(-c2ccc(N3CCC(Oc4ccccc4Br)CC3)nn2)c1,4.74,4.047100000000003
O=C(c1cc(-c2ccccc2)on1)N1CCN(c2cc(F)ccc2Cl)CC1,4.72,4.096500000000003
O=C(Nc1cnn(Cc2cnccc2C(F)(F)F)c1)c1cc(-c2cnco2)on1,4.72,3.2405000000000017
Cc1ccccc1S(=O)(=O)N1CCN(c2ccc(C(=O)NCc3ccccc3)nn2)CC1,4.71,2.2259200000000003
O=C(O)c1cncc(-c2ccc(N3CCC(Oc4ccccc4C(F)(F)F)CC3)nn2)c1,4.698970004336019,4.3034000000000034
N#Cc1ccc2nc(-c3ccc(-c4ccccc4F)cc3)[nH]c2c1,4.698970004336019,4.907680000000003
Cc1nc(OCCCOc2cc(F)ccc2Br)sc1-c1nnn(CC(=O)O)n1,4.69,2.939120000000001
COc1ccc2nc(NC(=O)c3ccccc3)sc2c1,4.68,3.5572000000000017
O=C(Nc1cnn(Cc2cccc(F)c2)c1)c1cc(-c2ncccn2)on1,4.64,2.7678000000000003
O=C(c1cc(-c2ccncc2)on1)N1CCC[C@H]1c1ccccc1,4.64,3.7139000000000024
COc1ccc(-c2cc(C(=O)N3CC(c4ccccc4)C3)no2)nn1,4.64,2.3798000000000004
COc1ccc(-c2cc(C(=O)N3CCC[C@H]3c3ccccc3)no2)nc1,4.64,3.722500000000002
O=C(Nc1cnn(Cc2cccc(F)c2)c1)c1cc(-c2cnccn2)on1,4.64,2.7678000000000003
O=C(O)CCc1nc2nc(N3CCC(Oc4cc(F)ccc4Br)CC3)sc2c(=O)[nH]1,4.61,3.3462000000000023
CC(C)c1cc(C(=O)Nc2cnn(Cc3cnccc3C(F)(F)F)c2)no1,4.6,3.7089000000000025
O=C(Nc1cnn(Cc2cnccc2C(F)(F)F)c1)c1noc2c1CCCC2,4.6,3.4643000000000015
O=C(Nc1cnn(Cc2ccc(F)c(F)c2)c1)c1cc(-c2ccccn2)on1,4.59,3.5119000000000025
O=C(Nc1cnn(CC2CCOC2)c1)c1cc(-c2ccccc2)on1,4.59,2.826900000000001
COc1ccc(-c2cc(C(=O)N3CCC[C@H]3c3ccccc3)no2)cn1,4.57,3.722500000000002
CC(=O)N1CCN(c2cc(C(=O)Nc3cnn(Cc4ccccc4)c3)no2)CC1,4.54,1.8401999999999998
Cn1ccc(-c2cc(C(=O)N3CCC[C@H]3c3ccccc3)no2)cc1=O,4.53,3.0176000000000007
O=C(c1cc(-c2ccc3c(c2)OCO3)on1)N1CCCC12CC2,4.52,2.8389000000000015
O=C(c1cc(CC2CC2)on1)N1CCCC1c1ccccc1,4.52,3.6044000000000027
O=C(c1cc(-c2ccc3c(c2)OCO3)on1)N1CCC1c1ccccc1,4.52,3.6575000000000024
COc1cc(C2CCCN2C(=O)c2cc(-c3ccc4c(c3)OCO4)on2)on1,4.52,3.044200000000002
O=C(c1cc(-c2ccc3c(c2)OCO3)on1)N1CC(O)C[C@H]1c1ccccc1,4.52,3.0184000000000015
O=C(c1cc(-c2ccc3c(c2)OCO3)on1)N1C[C@@H](F)C[C@H]1c1ccccc1,4.52,3.995600000000003
O=C(c1cc(-c2ccccc2)on1)N1CCC[C@H]1c1ccccc1,4.52,4.318900000000003
N#Cc1cccc(-c2cc(C(=O)N3CCC[C@H]3c3ccccc3)no2)c1,4.51,4.190580000000003
COc1ccc(C2CCCN2C(=O)c2cc(-c3ccc(OC)c(OC)c3)on2)cc1,4.49,4.344700000000003
O=C(c1cc(-c2ccc3ncnn3c2)on1)N1CCC[C@H]1c1ccccc1,4.49,3.361600000000002
O=C(Nc1nccs1)c1ccc(C(=O)c2ccccc2)cc1,4.48,3.626400000000002
O=C(c1cc(-c2cccnc2)on1)N1CCC[C@H]1c1ccccc1,4.48,3.7139000000000024
Cc1nn(Cc2ccccc2)c(C)c1NC(=O)c1cc(-c2ccco2)on1,4.48,4.048540000000003
O=C(c1cc(N2CCOCC2)on1)N1CC(c2ccccc2)C1,4.48,1.7508
O=C(c1cc(-c2ccc3c(c2)OCO3)on1)N1CCC[C@H]1c1ccccc1,4.47,4.047600000000003
Cn1cc(-c2cc(C(=O)N3CCC[C@H]3c3ccccc3)no2)ccc1=O,4.44,3.0176000000000007
O=C(c1cc(-c2ccccc2)on1)N1CCn2ccnc2C1,4.44,2.1940999999999997
COc1ccc(C2CCCN2C(=O)c2cc(-c3ccc(F)c(OC)c3)on2)cc1,4.44,4.475200000000004
O=C(c1cc(-c2ccc(=O)[nH]c2)on1)N1CCC[C@H]1c1ccccc1,4.43,3.007200000000002
O=C(c1cc(-c2ccnnc2)on1)N1CCC[C@H]1c1ccccc1,4.43,3.108900000000002
O=C(c1cc(-c2ccc3c(c2)OCO3)on1)N1CC2(CC(c3ccccc3)C2)C1,4.43,4.090100000000003
O=C(O)Cn1nnc(-c2cc(-c3cn(Cc4cc(Br)c(Br)c(Br)c4)nn3)no2)n1,4.42,3.0070000000000014
N#Cc1cccc(C2CCCN2C(=O)c2cc(-c3ccc4c(c3)OCO4)on2)c1,4.41,3.919280000000003
O=C(c1cc(-c2ccn3ncnc3c2)on1)N1CCC[C@H]1c1ccccc1,4.4,3.361600000000002
O=C(O)Cn1nnc(-c2cc(OCCCCOc3cc(F)ccc3Br)no2)n1,4.3979400086720375,2.5523000000000007
O=C(O)Cn1nnc(-c2cc(OCCOc3cc(F)ccc3Br)no2)n1,4.3979400086720375,1.7720999999999998
COc1ccc(-c2cc(C(=O)N3CCCC3c3ccccc3F)no2)nc1,4.39,3.861600000000003
O=C(Nc1nc2ccccc2o1)c1ccc(C(=O)c2ccccc2)cc1,4.37,4.311100000000002
COc1ccc(C2CCCN2C(=O)c2cc(-c3ccc(OC)c(F)c3)on2)cc1,4.36,4.475200000000004
COc1ccc(C2CCCN2C(=O)c2cc(-c3ccc4c(C)nn(C)c4c3)on2)cc1,4.346787486224656,4.522620000000003
N#Cc1ccc(C2CCCN2C(=O)c2cc(-c3ccc4c(c3)OCO4)on2)cc1,4.346787486224656,3.9192800000000023
O=C(c1cc(-c2ccc3c(c2)OCO3)on1)N1CCOCC1c1ccccc1,4.346787486224656,3.2840000000000025
N#Cc1ccccc1C1CCCN1C(=O)c1cc(-c2ccc3c(c2)OCO3)on1,4.346787486224656,3.919280000000003
N#Cc1ccc(C2CCN(C(=O)c3cc(-c4ccc5c(c4)OCO5)on3)CC2)cc1,4.346787486224656,3.9617800000000027
O=C(c1cc(-c2ccc3c(c2)OCO3)on1)N1CCC(c2ccc(F)c(F)c2)CC1,4.346787486224656,4.368300000000003
O=C(c1cc(-c2ccc3c(c2)OCO3)on1)N1CCC(c2ccncc2)CC1,4.346787486224656,3.485100000000002
CC(C)(C)OC(=O)N1CCC2(CCN(C(=O)c3cc(-c4ccccc4)on3)C2)C1,4.346787486224656,3.814700000000003
O=C(c1cc(-c2ccccc2)on1)N1CCC(O)(c2ccccc2)CC1,4.346787486224656,3.4654000000000025
COc1ccc(C2CCCN2C(=O)c2cc(-c3ccc4c(c3)OC(F)(F)O4)on2)cc1,4.346787486224656,4.649000000000004
O=C(c1cc(-c2ccc3c(c2)OCO3)on1)N1CCC(O)(c2ccccc2)CC1,4.346787486224656,3.1941000000000015
CNC(=O)c1ccccc1-c1cc(C(=O)N2CCC(c3ccccc3)CC2)no1,4.346787486224656,3.7210000000000027
O=C(c1cc(-c2ccc3c(c2)OCO3)on1)N1CCC(c2ccccc2C(F)(F)F)CC1,4.346787486224656,5.108900000000004
CC1CN(c2ccccc2)CCN1C(=O)c1cc(-c2ccc3c(c2)OCO3)on1,4.346787486224656,3.4212000000000025
COc1cccc(N2CCN(C(=O)c3cc(-c4ccc5c(c4)OCO5)on3)CC2)c1,4.346787486224656,3.0413000000000014
O=C(c1cc(-c2ccc3c(c2)OCO3)on1)N1CCCC1c1ccc(F)cn1,4.346787486224656,3.5817000000000023
Cc1nn(C)c2cc(-c3cc(CN4C(=O)OCC4c4ccccc4)no3)ccc12,4.346787486224656,4.230220000000004
COc1ccc(-c2cc(C(=O)N3CCN(c4ccccc4)CC3)no2)cc1OC,4.346787486224656,3.321200000000002
O=C(c1cc(-c2ccc3c(c2)OCO3)on1)N1CCN(c2cc(F)ccc2Cl)CC1,4.346787486224656,3.8252000000000024
O=C(c1cc(-c2ccccc2)on1)N1CCC(c2cc(F)ccc2Cl)CC1,4.346787486224656,5.153900000000004
O=C(Nc1cnnc(Oc2ccccc2)c1)c1cc(-c2ccccc2)on1,4.346787486224656,4.176200000000002
O=C(Nc1ccnc(Oc2ccccc2)c1)c1cc(-c2ccccc2)on1,4.346787486224656,4.781200000000003
O=C(c1cc(-c2ccccc2)on1)N1CCC(c2ccccc2)CC1,4.346787486224656,4.361400000000003
N#Cc1ccc(-c2cc(C(=O)N3CCC(c4ccccc4)CC3)no2)cc1,4.346787486224656,4.233080000000003
N#Cc1cccc(-c2cc(C(=O)N3CCC(c4ccccc4)CC3)no2)c1,4.346787486224656,4.233080000000004
O=C(c1noc2ccccc12)N1CCC[C@H]1c1ccccc1,4.346787486224656,3.805100000000003
O=C(NC1CCN(c2ccccc2)CC1)c1cc(-c2ccco2)on1,4.346787486224656,3.333400000000002
CC(C)(C)OC(=O)N1CCC(NC(=O)c2cc(-c3ccco3)on2)CC1,4.346787486224656,3.063900000000001
COc1ccc(C2CCCN2C(=O)c2cc(-c3ccc(C(F)(F)C(F)(F)F)cc3)on2)cc1,4.346787486224656,5.981600000000005
O=C(c1cc(-c2ccccc2)on1)N1CCC(c2ccccc2C(F)(F)F)CC1,4.346787486224656,5.380200000000003
CC1(c2ccccc2)CCN(C(=O)c2cc(-c3ccc4c(c3)OCO4)on2)CC1,4.346787486224656,4.264200000000003
O=C(c1cc(-c2ccccc2)on1)N1CCC[C@@H]1c1ccccc1,4.346787486224656,4.318900000000003
O=C(c1cc(-c2ccccc2)on1)N1CCCC1c1ccccc1,4.346787486224656,4.318900000000003
O=C(c1cc(-c2ccc3c(c2)OCO3)on1)N1CCCC1c1cccc(Br)c1,4.346787486224656,4.810100000000003
O=C(c1cc(-c2ccc3c(c2)OCO3)on1)N1CCCC1c1ccc(Br)cc1,4.346787486224656,4.810100000000004
O=C(c1cc(-c2ccc3c(c2)OCO3)on1)N1CCCC1c1ccccc1Br,4.346787486224656,4.810100000000003
O=C(c1cc(-c2ccc3c(c2)OCO3)on1)N1CCCC1c1cccnn1,4.346787486224656,2.837600000000001
O=C(c1cc(-c2ccc3c(c2)OCO3)on1)N1CCC(c2ccccc2)CC1,4.346787486224656,4.090100000000003
O=C(c1cc(-c2ccccc2)on1)N1CCC(Oc2ccccc2)CC1,4.346787486224656,4.0252000000000026
O=C(c1cc(-c2ccc3c(c2)OCO3)on1)N1CCn2ccnc2C1,4.346787486224656,1.9227999999999998
O=C(Nc1ccccc1)C1CN(C(=O)c2cc(-c3ccccc3)on2)C1,4.346787486224656,3.0523000000000016
CC1(C(=O)Nc2ccccc2)CN(C(=O)c2cc(-c3ccccc3)on2)C1,4.346787486224656,3.442400000000002
O=C(NC1CN(C(=O)c2cc(-c3ccccc3)on2)C1)c1ccccc1,4.346787486224656,2.596000000000001
O=C(c1cc(-c2ccco2)on1)N1CC(F)C1,4.346787486224656,1.7285
O=C(c1cc(-c2ccco2)on1)N1CC2(CCCC2)C1,4.346787486224656,2.950800000000001
O=C(c1cc(-c2ccco2)on1)N1CC2(CCC2)C1,4.346787486224656,2.5607000000000006
O=C(c1cc(-c2ccco2)on1)N1CC2(COC2)C1,4.346787486224656,1.4069999999999998
COC1CCN(c2cc(C(=O)N3CC(c4ccccc4)C3)no2)CC1,4.346787486224656,2.5294000000000008
O=C(c1ccncc1)N1CCN(C(=O)c2cc(-c3ccc4c(c3)OCO4)on2)CC1,4.346787486224656,2.0634999999999994
CC(C)c1cc(C(=O)N2CC(Cc3ccccc3)C2)no1,4.346787486224656,3.112700000000002
O=C(c1noc2c1CCCC2)N1CC(c2ccccc2)C1,4.346787486224656,2.793000000000001
O=C(c1noc2c1CCCC2)N1CC(Cc2ccccc2)C1,4.346787486224656,2.868100000000001
O=C(c1cc(-c2ccc3c(c2)OCO3)on1)N1CC(Nc2ccccc2)C1,4.346787486224656,3.006800000000001
O=C(c1cc(-c2ccc3c(c2)OCO3)on1)N1CC2(C1)CN(c1ccccc1)C2,4.346787486224656,3.032700000000002
O=C(c1cc(-c2ccc3c(c2)OCO3)on1)N1CCC1c1ccc(F)cc1,4.346787486224656,3.7966000000000024
O=C(c1cc(-c2ccc3c(c2)OCO3)on1)N1CC2(C1)CC(O)(c1ccccc1)C2,4.346787486224656,3.1941000000000015
O=C(c1cc(-c2ccccc2)on1)N1CC2(C=C(c3ccccc3)C2)C1,4.346787486224656,4.271100000000003
O=C(c1cc(-c2ccccc2)on1)N1CC2(CC(c3ccccc3)C2)C1,4.346787486224656,4.361400000000003
CC(C)c1cc(C(=O)N2CC(c3ccccc3)C2)no1,4.346787486224656,3.037600000000001
CNC(=O)c1ccc(-c2cc(C(=O)N3CC(Cc4ccccc4)C3)no2)cc1,4.346787486224656,3.015900000000002
O=C(c1cc(-c2ccc3c(c2)OCO3)on1)N1CCN(c2ccccc2F)CC1,4.346787486224656,3.171800000000002
Cc1nn(C)c2cc(-c3cc(C(=O)N4CCN(c5ccccc5)CC4)no3)ccc12,4.346787486224656,3.4991200000000022
O=C(c1cc(-c2ccc3c(c2)OCO3)on1)N1CCN(c2ccc(F)cc2)CC1,4.346787486224656,3.171800000000002
O=C(c1cc(-c2ccc3c(c2)OCO3)on1)N1CCN(c2ccccc2)C(=O)C1,4.346787486224656,2.5593000000000004
O=C(c1ccccc1)N1CCN(C(=O)c2cc(-c3ccc4c(c3)OCO4)on2)CC1,4.346787486224656,2.6685000000000008
O=C(c1cc(-c2ccc3c(c2)OCO3)on1)N1CCN(c2cccc(F)c2)CC1,4.346787486224656,3.171800000000002
O=C(c1cc(-c2ccccc2)on1)N1CCN(c2ccc(F)cc2)CC1,4.346787486224656,3.443100000000002
O=C(c1cc(-c2ccccc2)on1)N1CCN(c2ccccc2F)CC1,4.346787486224656,3.443100000000002
CC(C)(C)OC(=O)N1CCN(C(=O)c2cc(-c3ccc4c(c3)OCO4)on2)CC1,4.346787486224656,2.763200000000001
O=C(c1cc(-c2ccc(Cl)cn2)on1)N1CC(Cc2ccccc2)C1,4.346787486224656,3.7047000000000017
COc1ccc(-c2cc(C(=O)N3CC(Cc4ccccc4)C3)no2)nn1,4.346787486224656,2.4549000000000003
O=C(c1cc(-c2cnccn2)on1)N1CC(c2ccccc2)C1,4.346787486224656,2.371200000000001
O=C(c1cc(-c2ccc3c(c2)OCO3)on1)N1CCc2ccccc2C1,4.346787486224656,3.2688000000000015
O=C(c1cc(-c2ccc3c(c2)OCO3)on1)N1CCCc2ccccc21,4.346787486224656,3.663300000000003
O=C(c1cc(-c2ccc3c(c2)OCO3)on1)N1CCOc2ccccc21,4.346787486224656,3.1095000000000024
O=C(c1cc(-c2ccc3c(c2)OCO3)on1)N1CCCc2c(F)cccc21,4.346787486224656,3.802400000000003
O=C(c1cc(-c2ccc3c(c2)OCO3)on1)N1CCCc2cccc(F)c21,4.346787486224656,3.802400000000003
O=C(c1cc(-c2ccc3c(c2)OCO3)on1)N1CCN(c2ccccc2)CC1,4.346787486224656,3.032700000000002
O=C(NC1CCN(Cc2ccccc2)CC1)c1cc(-c2ccco2)on1,4.346787486224656,3.3290000000000015
Cc1nn(C)c2cc(-c3cc(C(=O)N4CCCC4c4cccnn4)no3)ccc12,4.346787486224656,3.304020000000002
O=C(c1cc(N2CCOCC2)on1)N1CCC[C@H]1c1ccccc1,4.346787486224656,2.488500000000001
O=C(c1cc(-c2ccccn2)on1)N1CCC(c2cccc(F)c2)C1,4.346787486224656,3.5054000000000025
Cc1cc(C2CCCN2C(=O)c2cc(-c3ccc4c(c3)OCO4)on2)on1,4.346787486224656,3.3440200000000013
O=C(c1cc(-c2ccc3c(c2)OCO3)on1)N1CCCC1c1ccccc1,4.346787486224656,4.047600000000003
Cc1cccc(C2CCCN2C(=O)c2cc(-c3ccc4c(c3)OCO4)on2)c1,4.346787486224656,4.3560200000000036
COc1ccc(C2CCCN2C(=O)c2cc(-c3ccc4c(c3)OCO4)on2)cc1,4.346787486224656,4.056200000000003
N#Cc1ccc2c(C(=O)N3CCC[C@H]3c3ccccc3)noc2c1,4.346787486224656,3.6767800000000026
O=C(c1cc(-c2ccc3c(c2)OCO3)on1)N1CCCC1c1ncccc1F,4.346787486224656,3.5817000000000023
O=C(c1cc(-c2ccc3c(c2)OCO3)on1)N1CCC(c2cccc(F)c2)CC1,4.346787486224656,4.229200000000004
O=C(c1cc(-c2ccc3c(c2)OCO3)on1)N1CCCC1c1cccc(F)c1,4.346787486224656,4.186700000000004
O=C(NC1CCNC1)c1cc(-c2ccco2)on1,4.346787486224656,1.0262999999999998
O=C(NC1CCN(Cc2ccccc2)C1)c1cc(-c2ccco2)on1,4.346787486224656,2.938900000000001
O=C(c1cc(-c2ccco2)on1)N1CCC(c2ccccc2)C1,4.346787486224656,3.564300000000002
O=C(c1cc(-c2ccccc2)on1)N1CCC(c2cccc(F)c2)C1,4.346787486224656,4.110400000000003
O=C(c1cc(-c2ccccc2)on1)N1CCC2(CCNC2)C1,4.346787486224656,2.1671999999999993
O=C(c1cc(-c2ccccc2)on1)N1CCC2(CCN(c3ccccc3)C2)C1,4.346787486224656,4.084200000000003
CN1CCC2(CCN(C(=O)c3cc(-c4ccccc4)on3)C2)C1,4.346787486224656,2.5094000000000003
O=C(NC1CCN(c2ccccc2)C1)c1cc(-c2ccco2)on1,4.346787486224656,2.9433000000000016
Cc1nn(C)c2cc(-c3conc3CN3C(=O)OCC3c3ccccc3)ccc12,4.346787486224656,4.230220000000004
CN(C)CCC(c1ccccc1)n1cc(NC(=O)c2cc(-c3ccccc3)on2)cn1,4.346787486224656,4.331500000000003
N#Cc1nn(Cc2ccccc2)cc1NC(=O)c1cc(-c2ccccc2)on1,4.346787486224656,3.7103800000000016
CSCCC(c1ccccc1)n1cc(NC(=O)c2cc(-c3ccccc3)on2)cn1,4.346787486224656,5.132900000000005
C[S+]([O-])CCC(c1ccccc1)n1cc(NC(=O)c2cc(-c3ccccc3)on2)cn1,4.346787486224656,4.148400000000002
COc1cc(F)ccc1C1CCCN1C(=O)c1cc(-c2ccc3c(c2)OCO3)on1,4.346787486224656,4.195300000000002
O=C(c1cc(-c2ccc3c(c2)OCO3)on1)N1CCCC1c1ncccn1,4.346787486224656,2.837600000000001
O=C(c1cc(-c2ccc3c(c2)OCO3)on1)N1CCCC1Cc1ccccc1,4.346787486224656,3.917600000000003
N#Cc1ccc(-c2cc(C(=O)N3CCC[C@H]3c3ccccc3)no2)nc1,4.346787486224656,3.585580000000002
O=C(c1cc(-c2ccccc2)on1)N1CCCC1Cc1ccccc1,4.346787486224656,4.188900000000003
O=C(c1cc(-c2ccc3c(c2)OCO3)on1)N1CCC[C@H]1c1ccon1,4.346787486224656,3.0356000000000014
O=C(c1cc(-c2ccc3c(c2)OCO3)on1)N1CCCC1c1cnccn1,4.346787486224656,2.837600000000001
Cc1nn(C)c2cc(-c3cc(C(=O)N4COCC4c4ccccc4)no3)ccc12,4.346787486224656,3.707920000000003
O=C(c1cc(-c2ccc3c(c2)OCO3)on1)N1C[C@H](F)C[C@H]1c1ccccc1,4.346787486224656,3.995600000000003
N#Cc1ccc(-c2cc(C(=O)N3CCC[C@H]3c3ccccc3)no2)cc1,4.346787486224656,4.190580000000002
O=C(c1cc(-c2ccc3c(c2)OCO3)on1)N1CCCC1c1cc(Br)no1,4.346787486224656,3.7981000000000025
O=C(c1cc(-c2ccccn2)on1)N1CCC[C@H]1c1ccccc1,4.346787486224656,3.7139000000000024
O=C(c1cc(-c2ccc3c(c2)OCO3)on1)N1C[C@H](O)C[C@H]1c1ccccc1,4.346787486224656,3.0184000000000015
O=C(c1cc(-c2ccc3c(c2)OCO3)on1)N1CCCC1c1ncco1,4.346787486224656,3.0356000000000014
CN1CCC(C2CCCN2C(=O)c2cc(-c3ccc4c(c3)OCO4)on2)CC1,4.346787486224656,3.016700000000001
Cn1ncc2cccc(C3CCCN3C(=O)c3cc(-c4ccc5c(c4)OCO5)on3)c21,4.346787486224656,3.934300000000003
Cn1nccc1C1CCCN1C(=O)c1cc(-c2ccc3c(c2)OCO3)on1,4.346787486224656,2.7811000000000012
O=C(c1cc(-c2ccc3c(c2)CCO3)on1)N1CCCC1c1ccncn1,4.346787486224656,3.043800000000001
Cc1cc(C2CCCN2C(=O)c2cc(-c3ccc4c(c3)OCO4)on2)no1,4.346787486224656,3.3440200000000013
CCOc1ccc(-c2cc(C(=O)N3CCC[C@H]3c3ccccc3)no2)cc1F,4.346787486224656,4.856700000000004
Cn1c(=O)oc2ccc(-c3cc(C(=O)N4CCC[C@H]4c4ccccc4)no3)cc21,4.346787486224656,3.7638000000000025
COc1ccc(-c2cc(NC(=O)[C@@H]3CCCN3c3ccccc3)on2)cc1,4.346787486224656,3.9577000000000027
Cn1ccnc1C1CCCN1C(=O)c1cc(-c2ccc3c(c2)OCO3)on1,4.346787486224656,2.7811000000000012
O=C(c1cc(-c2ccc3c(c2)OCO3)on1)N1CCCC1c1ncccc1Br,4.346787486224656,4.205100000000003
N#Cc1cccnc1C1CCCN1C(=O)c1cc(-c2ccc3c(c2)OCO3)on1,4.346787486224656,3.314280000000002
O=C(c1noc2cc(Br)ccc12)N1CCC[C@H]1c1ccccc1,4.346787486224656,4.567600000000003
CC(C)(C)OC(=O)N1CC2(C1)CN(C(=O)c1cc(-c3ccccc3)on1)C2,4.346787486224656,3.0345000000000013
COc1ccc(C2CCCN2C(=O)c2cc(-c3ccc4c(c3)OCO4)on2)c(F)c1,4.346787486224656,4.195300000000003
COc1cccc(F)c1C1CCCN1C(=O)c1cc(-c2ccc3c(c2)OCO3)on1,4.346787486224656,4.195300000000002
O=C(c1cc(-c2ccccn2)on1)N1CCC(c2ccccc2)CC1,4.346787486224656,3.756400000000003
CNC(=O)c1cccc(-c2cc(C(=O)N3CCC(c4ccccc4)CC3)no2)c1,4.346787486224656,3.7210000000000027
O=C(c1cc(-c2ccccc2)on1)N1CCC(c2cccc(F)c2)CC1,4.346787486224656,4.500500000000003
COc1cccnc1C1CCCN1C(=O)c1cc(-c2ccc3c(c2)OCO3)on1,4.346787486224656,3.451200000000002
Cn1nccc1-c1ccc2c(C(=O)N3CCC[C@H]3c3ccccc3)noc2c1,4.346787486224656,4.205600000000003
O=C(Nc1ccccc1)C1CCCN1C(=O)c1cc(-c2ccc3c(c2)OCO3)on1,4.346787486224656,3.313600000000002
O=C(c1cc(-c2ccc3c(c2)OCO3)on1)N1CCC(c2cc(F)ccc2Cl)CC1,4.346787486224656,4.882600000000004
O=C(c1cc(-c2ccc3nccnc3c2)on1)N1CCC[C@H]1c1ccccc1,4.346787486224656,4.262100000000003
O=C(c1cc(-c2ccccc2)on1)N1CC2(CNC2)C1,4.346787486224656,1.3869999999999996
O=C(c1cc(-c2ccccc2C(F)(F)F)on1)N1CCC(c2ccccc2)C1,4.346787486224656,4.990100000000004
CC(C)c1cc(C(=O)N2CCC(c3ccccc3)C2)no1,4.346787486224656,3.4277000000000024
CC(C)c1cc(C(=O)N2CCC(c3cccc(F)c3)C2)no1,4.346787486224656,3.5668000000000024
O=C(c1cc(-c2ccccn2)on1)N1CCC(c2ccccc2)C1,4.346787486224656,3.3663000000000016
CNC(=O)c1ccc(-c2cc(C(=O)N3CC=C(c4ccccc4)CC3)no2)cc1,4.346787486224656,3.6307000000000027
COc1ccccc1-c1cc(C(=O)N2CCC(c3ccccc3)CC2)no1,4.346787486224656,4.370000000000003
CNC(=O)c1ccc(-c2cc(C(=O)N3CCC(F)(c4ccccc4)CC3)no2)cc1,4.346787486224656,3.8022000000000027
O=C(c1cc(-c2ccccc2)on1)N1CCC(c2cccnc2)CC1,4.346787486224656,3.756400000000002
Cc1cnoc1C1CCCN1C(=O)c1cc(-c2ccc3c(c2)OCO3)on1,4.346787486224656,3.344020000000002
C=C(C)c1cc(C(=O)N2CCC3(CCc4c(F)cccc4O3)CC2)no1,4.346787486224656,3.8468000000000035
N#Cc1ccccc1-c1cc(C(=O)N2CCC(c3ccccc3)CC2)no1,4.346787486224656,4.233080000000004
O=C(c1cc(-c2ccc3c(c2)OCO3)on1)N1Cc2ccccc2C1,4.346787486224656,3.226300000000002
O=C(c1cc(-c2ccc3c(c2)OCO3)on1)N1CCC(c2ccccc2)C1,4.346787486224656,3.700000000000002
O=C(c1cc(-c2ccccc2)on1)N1CCC(c2ccccc2)C1,4.346787486224656,3.971300000000003
O=C(c1cc(-c2ccc3c(c2)OCO3)on1)N1CCCC1c1ccccc1C(F)F,4.346787486224656,4.985200000000003
CC(C)(C)OC(=O)N1CCC(NC(=O)c2cc(-c3ccco3)on2)C1,4.346787486224656,2.673800000000001
O=C(c1cc(-c2ccccc2Cl)on1)N1CCC(c2ccccc2)C1,4.346787486224656,4.624700000000004
O=C(c1cc(-c2ccccc2)on1)N1CCC(c2ccc(F)cc2)C1,4.346787486224656,4.110400000000003
O=C(c1cc(-c2ccccc2)on1)N1CCC(c2ccccc2F)C1,4.346787486224656,4.110400000000003
COC1(c2ccccc2)CCN(C(=O)c2cc(-c3ccccc3)on2)CC1,4.346787486224656,4.119500000000003
O=C(Nc1cnn(Cc2ccccc2)c1)c1cc(-c2ccc(F)cn2)on1,4.346787486224656,3.3728000000000016
O=C(c1cnn(Cc2ccncc2)c1)c1cc(-c2ccccc2)on1,4.346787486224656,3.2124000000000015
O=C(Nc1cnn(Cc2cc(F)ccc2C(F)(F)F)c1)c1cc(-c2ncccc2F)on1,4.346787486224656,4.530700000000002
COc1ccc(Cn2cc(NC(=O)c3cc(-c4ccccc4)on3)cn2)cc1,4.346787486224656,3.8473000000000015
O=C(Nc1cnn(Cc2ccc(F)cc2)c1)c1cc(-c2ccccc2)on1,4.346787486224656,3.977800000000003
CN(C)CC(c1ccccc1)n1cc(NC(=O)c2cc(-c3ccccc3)on2)cn1,4.346787486224656,3.9414000000000025
O=C(Nc1cnn(Cc2cnccc2C(F)(F)F)c1)c1cc(-c2ccccc2F)on1,4.346787486224656,4.391600000000002
CC1(c2cc(C(=O)Nc3cnn(Cc4cccc(F)c4)c3)no2)COC1,4.346787486224656,2.598700000000001
O=C(Nc1cnn(Cc2ccccc2)c1)c1cc(-c2ccccc2)no1,4.346787486224656,3.838700000000002
CNC(=O)c1ccc(-c2cc(C(=O)N3CC(c4ccccc4)C3)no2)cc1,4.346787486224656,2.940800000000001
O=C(Nc1cnn(Cc2ccccc2Cl)c1)c1cc(-c2cccc3c2cnn3C2COC2)on1,4.346787486224656,4.413100000000004
O=C(Nc1cnn(Cc2ccccc2)c1)c1cc(-c2cccc3cn(C4COC4)nc23)on1,4.346787486224656,3.7597000000000023
O=C(Nc1cnn(Cc2ccccc2)c1)c1cc(-c2cccc3cnn(C4COC4)c23)on1,4.346787486224656,3.7597000000000023
O=C(Nc1cnn(Cc2ccccc2)c1)c1cc(-c2cccc3c2cnn3C2COC2)on1,4.346787486224656,3.7597000000000023
N#Cc1cc(F)cc(Cn2cc(NC(=O)c3cc(-c4ccccc4)on3)cn2)c1,4.346787486224656,3.8494800000000025
N#Cc1ccc(-c2cc(C(=O)Nc3cnn(Cc4cc(F)ccc4C(F)(F)F)c3)no2)nc1,4.346787486224656,4.263280000000002
N#Cc1ccccc1-c1cc(C(=O)Nc2cnn(Cc3cccc(F)c3)c2)no1,4.346787486224656,3.8494800000000025
N#Cc1ccc(Cn2cc(NC(=O)c3cc(-c4ccccc4)on3)cn2)cc1,4.346787486224656,3.7103800000000016
N#Cc1ccc(Cn2cc(NC(=O)c3cc(-c4ccccc4)on3)cn2)s1,4.346787486224656,3.7718800000000012
O=C(Nc1cnn(Cc2ccccc2Cl)c1)c1cc(-c2cccc3cnn(C4COC4)c23)on1,4.346787486224656,4.413100000000004
COc1ccccc1Cn1cc(NC(=O)c2cc(-c3ccccc3)on2)cn1,4.346787486224656,3.8473000000000024
O=C(Nc1cnn(Cc2ccccc2)c1)c1cc(-c2ccccn2)no1,4.346787486224656,3.2337000000000016
O=C(Nc1cnn(Cc2ccccc2)c1)c1cc(-c2ccccc2F)no1,4.346787486224656,3.977800000000002
O=C(Nc1cnn(Cc2ccccc2)c1)c1cc(-c2cncs2)no1,4.346787486224656,3.2952000000000012
N#Cc1cccc(Cn2cc(NC(=O)c3cc(-c4ccccc4)on3)cn2)c1,4.346787486224656,3.7103800000000016
Cc1ncc(-c2cc(C(=O)Nc3cnn(Cc4ccccc4)c3)no2)s1,4.346787486224656,3.603620000000002
N#Cc1ccccc1-c1cc(C(=O)Nc2cnn(Cc3ccccc3)c2)no1,4.346787486224656,3.7103800000000016
O=C(Nc1cnn(Cc2cccc(Cl)c2)c1)c1cc(-c2ccccn2)on1,4.346787486224656,3.887100000000003
O=C(Nc1cc(-c2ccco2)on1)c1cnn(Cc2ccc(Cl)c(Cl)c2)c1,4.346787486224656,4.738500000000002
COc1ccccc1-c1cc(C(=O)Nc2cnn(Cc3ccccc3)c2)no1,4.346787486224656,3.8473000000000015
O=C(Nc1cnn(Cc2ccc(Cl)c(Cl)c2)c1)c1cc(-c2ccco2)on1,4.346787486224656,4.738500000000003
O=C(Nc1cnn(CC2CCOCC2)c1)c1cc(-c2ccco2)on1,4.346787486224656,2.8100000000000005
O=C(c1cc(-c2ccco2)on1)N(Cc1ccc(Cl)cc1)c1cnn(Cc2ccc(Cl)cc2)c1,4.346787486224656,6.333200000000005
O=C(Nc1cnn(-c2ccccc2)c1)c1cc(-c2ccco2)on1,4.346787486224656,3.372600000000002
O=C(Nc1cnn(CCCC(F)(F)F)c1)c1cc(-c2ccco2)on1,4.346787486224656,3.725900000000002
O=C(Nc1cnn(Cc2cc(F)ccc2C(F)(F)F)c1)c1cc(-c2ccco2)on1,4.346787486224656,4.589600000000003
O=C(Nc1cnn(Cc2ccccc2)c1)c1cc(-c2ccccc2F)on1,4.346787486224656,3.977800000000002
O=C(Nc1cnn(Cc2cccnc2)c1)c1cc(-c2ccccc2)on1,4.346787486224656,3.2337000000000016
O=C(Nc1cnn(Cc2ccccn2)c1)c1cc(-c2ccccc2)on1,4.346787486224656,3.2337000000000016
O=C(Nc1cnn(Cc2cc(F)ccc2Cl)c1)c1cc(-c2ccco2)on1,4.346787486224656,4.224200000000002
O=C(c1cc(-c2ccc3c(c2)OCO3)on1)N1CCCC1c1nc2ccccc2o1,4.346787486224656,4.188800000000003
COc1ccc(C2CCCN2C(=O)c2cc(-c3ccc4ocnc4c3)on2)cc1,4.346787486224656,4.468700000000004
COc1ccc(C2CCCN2C(=O)c2cc(-c3ccc4ncoc4c3)on2)cc1,4.346787486224656,4.468700000000004
N#Cc1ccccc1-c1cc(C(=O)N2CCC[C@H]2c2ccccc2)no1,4.346787486224656,4.190580000000003
Cc1cc(C2CCCN2C(=O)c2cc(-c3ccco3)on2)on1,4.346787486224656,3.2083200000000014
O=C(c1cc(-c2ccc3c(c2)OCO3)on1)N1CCC[C@@H]1c1ccccc1,4.346787486224656,4.047600000000003
COc1ccc([C@@H]2CCCN2C(=O)c2cc(-c3ccc4c(c3)OCO4)on2)cc1,4.346787486224656,4.056200000000003
COc1ccc([C@H]2CCCN2C(=O)c2cc(-c3ccc4c(c3)OCO4)on2)cc1,4.346787486224656,4.056200000000003
O=C(c1cc(-c2ccc3c(c2)OCO3)on1)N1CCCC1c1ccccn1,4.346787486224656,3.4426000000000014
O=C(Nc1cn(Cc2ccccc2)nn1)c1cc(-c2ccccc2)on1,4.346787486224656,3.2337000000000016
O=C(c1cc(-c2ccc3c(c2)OCO3)on1)N1CCCC1c1ccncc1,4.346787486224656,3.4426000000000014
COc1ccccc1C1CCCN1C(=O)c1cc(-c2ccc3c(c2)OCO3)on1,4.346787486224656,4.056200000000003
COc1cccc(C2CCCN2C(=O)c2cc(-c3ccc4c(c3)OCO4)on2)c1,4.346787486224656,4.056200000000003
O=C(c1cc(-c2ccc3c(c2)OCO3)on1)N1CCCC1C1CC1,4.346787486224656,3.084900000000002
O=C(c1cc(-c2ccc3c(c2)OCO3)on1)N1C[C@@H](O)C[C@H]1c1ccccc1,4.346787486224656,3.0184000000000015
O=C(c1cc(-c2ccc3c(c2)OCO3)on1)N1COCC1c1ccccc1,4.346787486224656,3.241500000000002
O=C(c1cc(-c2ccc3c(c2)OCO3)on1)N1CCCC1c1ccnc(Br)c1F,4.346787486224656,4.3442000000000025
Cc1nn(C)c2cc(-c3cc(C(=O)N4CCCC4c4ccnnc4)no3)ccc12,4.346787486224656,3.304020000000002
CC(C)(c1ccccc1)n1cc(NC(=O)c2cc(-c3ccccc3)on2)cn1,4.346787486224656,4.573800000000004
O=C(c1cc(-c2ccc3c(c2)OCO3)on1)N1CCCC1c1cccnc1,4.346787486224656,3.4426000000000014
N#Cc1ccc(CN(C(=O)c2cc(-c3ccccc3)on2)c2cnn(Cc3ccc(C#N)cc3)c2)cc1,4.346787486224656,5.176760000000004
NC(=O)c1cc(C(=O)Nc2cnn(Cc3ccccc3)c2)no1,4.346787486224656,1.2706
O=C(Nc1cc(-c2ccco2)on1)c1cnn(Cc2ccccc2)c1,4.346787486224656,3.431700000000001
CC(c1ccccc1)n1cc(NC(=O)c2cc(-c3ccccc3)on2)cn1,4.346787486224656,4.399700000000004
O=C(Nc1cnn(Cc2ccccc2)n1)c1cc(-c2ccccc2)on1,4.346787486224656,3.2337000000000016
CSCC(c1ccccc1)n1cc(NC(=O)c2cc(-c3ccccc3)on2)cn1,4.346787486224656,4.742800000000004
O=C(Nc1cnn(Cc2cc(F)ccc2C(F)(F)F)c1)c1cc(-c2ccccc2)on1,4.346787486224656,4.9966000000000035
CS(=O)(=O)CCC(c1ccccc1)n1cc(NC(=O)c2cc(-c3ccccc3)on2)cn1,4.346787486224656,3.8145000000000024
CN(C(=O)c1cc(-c2ccccc2)on1)c1cnn(Cc2cc(F)ccc2C(F)(F)F)c1,4.346787486224656,5.020900000000003
O=C(c1cc(-c2ccc3c(c2)OCO3)on1)N1CCCC1c1ccncc1F,4.346787486224656,3.5817000000000023
C[S+]([O-])CC(c1ccccc1)n1cc(NC(=O)c2cc(-c3ccccc3)on2)cn1,4.346787486224656,3.758300000000002
O=C(Nc1noc(Cc2ccccc2)n1)c1cc(-c2ccccc2)on1,4.346787486224656,3.567700000000002
CS(=O)(=O)CC(c1ccccc1)n1cc(NC(=O)c2cc(-c3ccccc3)on2)cn1,4.346787486224656,3.424400000000001
O=C(Nc1cn(Cc2ccccc2)nc1C(F)(F)F)c1cc(-c2ccccc2)on1,4.346787486224656,4.8575000000000035
C=C(C)c1cc(C(=O)Nc2cnn(Cc3cc(F)ccc3C(F)(F)F)c2)no1,4.346787486224656,4.362700000000003
N#Cc1ccc(F)cc1Cn1cc(NC(=O)c2cc(-c3ccccc3)on2)cn1,4.346787486224656,3.8494800000000025
O=C(Nc1cnn(Cc2ccccc2Cl)c1)c1cc(-c2cccc3cn(C4COC4)nc23)on1,4.346787486224656,4.413100000000004
O=C(c1cc(-c2ccccn2)on1)N(Cc1ccc(F)c(F)c1)c1cnn(Cc2ccc(F)c(F)c2)c1,4.346787486224656,5.384800000000003
N#Cc1ccc(Cn2cc(NC(=O)c3cc(-c4ccccc4)on3)cn2)nc1,4.346787486224656,3.1053800000000003
O=C(c1cc(-c2ccc3c(c2)OCO3)on1)N1CCCC1C1CCOCC1,4.346787486224656,3.1015000000000015
O=C(Nc1cnn(Cc2cc(F)ccc2C(F)(F)F)c1)c1cc(-c2ccccn2)on1,4.346787486224656,4.391600000000003
O=C(c1cc(-c2ccccc2)on1)N1CC(Nc2ccccc2)C1,4.346787486224656,3.278100000000001
O=C(c1cc(-c2ccc3c(c2)OCO3)on1)N1CC(Cc2ccccc2)C1,4.346787486224656,3.3850000000000025
O=C(c1cc(-c2ccc3c(c2)OCO3)on1)N1CCC1c1ccccc1F,4.346787486224656,3.7966000000000024
O=C(c1cc(-c2ccc3c(c2)OCO3)on1)N1CCC1c1ccccc1Cl,4.346787486224656,4.310900000000003
O=C(c1cc(-c2ccc3c(c2)OCO3)on1)N1CCC1c1cccc(F)c1,4.346787486224656,3.7966000000000024
O=C(Nc1cnn(Cc2cnccc2C(F)(F)F)c1)c1cc(N2CCCCC2)on1,4.346787486224656,3.575800000000002
CN1CCN(c2cc(C(=O)Nc3cnn(Cc4ccccc4)c3)no2)CC1,4.346787486224656,1.9235
O=C(Nc1cnn(Cc2ccccc2Cl)c1)c1cc(-c2ccco2)on1,4.346787486224656,4.085100000000002
O=C(Nc1cnn(CCc2ccccc2)c1)c1cc(-c2ccco2)on1,4.346787486224656,3.626100000000002
O=C(Nc1cnn(Cc2ccccc2)c1)c1cc(-c2ccc(F)cc2F)on1,4.346787486224656,4.116900000000002
Cn1nc(Cc2ccc(Cl)c(Cl)c2)cc1NC(=O)c1cc(-c2ccco2)on1,4.346787486224656,4.818000000000003
Cc1nn(C)c(C)c1NC(=O)c1cc(-c2ccco2)on1,4.346787486224656,2.5372400000000006
Cc1nn(Cc2ccc(Cl)c(Cl)c2)c(C)c1NC(=O)c1cc(-c2ccco2)on1,4.346787486224656,5.3553400000000035
Cc1nn(Cc2ccccc2)c(C)c1NC(=O)c1cc(-c2ccc3c(c2)OCO3)on1,4.346787486224656,4.1842400000000035
O=C(Nc1cnn(Cc2ccccc2)c1)c1cc(-c2ccc3c(c2)OCO3)on1,4.346787486224656,3.567400000000002
O=C(Nc1cnn(Cc2ccccc2)c1)c1cc(N2CCNCC2)on1,4.346787486224656,1.5812999999999997
O=C(Nc1cnn(Cc2cccc(F)c2)c1)c1cc(CO)on1,4.346787486224656,1.8030999999999997
Nc1cc(C(=O)Nc2cnn(Cc3ccccc3)c2)no1,4.346787486224656,1.7538999999999998
O=C(Nc1cnn(Cc2ccccc2)c1)c1cc(-c2c(F)cccc2F)on1,4.346787486224656,4.116900000000002
O=C(Nc1cnn(CC2CCCCC2)c1)c1cc(-c2ccco2)on1,4.346787486224656,3.963700000000003
O=C(c1cc(-c2ccc3c(c2)OCO3)on1)N1CCCC1c1ccccc1F,4.346787486224656,4.186700000000003
Cn1ncc2ccc(-c3cc(C(=O)N4CC(c5ccccc5)C4)no3)cc21,4.346787486224656,3.467900000000002
Cn1cc2ccc(-c3cc(C(=O)N4CC(c5ccccc5)C4)no3)cc2n1,4.346787486224656,3.467900000000002
Cc1cnccc1-c1cc(C(=O)Nc2cnn(Cc3ccccc3)c2)no1,4.346787486224656,3.5421200000000015
O=C(Nc1cnn(Cc2cnccc2C(F)(F)F)c1)c1cc(-c2ccncc2)on1,4.346787486224656,3.6475000000000017
O=C(c1cc(-c2ccc3c(c2)OCO3)on1)N1CC(Oc2ccccc2)C1,4.346787486224656,2.973700000000001
O=C(c1cc(-c2ccc3c(c2)OCO3)on1)N1CCCC1c1ccc(F)cc1,4.346787486224656,4.186700000000003
C[C@H]1CCCN1C(=O)c1cc(-c2ccc3c(c2)OCO3)on1,4.346787486224656,2.6948000000000008
C[C@@H]1CCCN1C(=O)c1cc(-c2ccc3c(c2)OCO3)on1,4.346787486224656,2.6948000000000008
O=C(c1cc(-c2ccco2)on1)N1CC(Nc2ccccc2)C1,4.346787486224656,2.871100000000001
O=C(c1cc(-c2ccc3c(c2)OCO3)on1)N1CCC[C@H]1C(F)(F)F,4.346787486224656,3.2372000000000023
COc1ccc(C2CCCN2C(=O)c2cc(-c3cccc(OC)c3)on2)cc1,4.346787486224656,4.336100000000004
COc1ccc(-c2cc(C(=O)N3CCCC3c3ccc(OC)cc3)no2)cc1,4.346787486224656,4.336100000000003
COc1ccc(C2CCCN2C(=O)c2cc(-c3ccccc3)on2)cc1,4.346787486224656,4.327500000000003
COc1ccc(C2CCCN2C(=O)c2cc(-c3ccc(F)c(F)c3)on2)cc1,4.346787486224656,4.605700000000004
COc1ccc(C2CCCN2C(=O)c2cc(-c3ccccc3OC)on2)cc1,4.346787486224656,4.336100000000003
COc1ccc(C2CCCN2C(=O)c2cc(-c3ccc(OC(F)(F)F)cc3)on2)cc1,4.346787486224656,5.226100000000004
COc1ccc(C2CCCN2C(=O)c2cc(-c3ccc(C(F)(F)F)cc3)on2)cc1,4.346787486224656,5.346300000000005
O=C(c1cc(-c2ccccc2)on1)N1CC2(C1)CN(c1ccccc1)C2,4.346787486224656,3.304000000000002
O=C(c1cc(-c2ccc3c(c2)OCO3)on1)N1CCC[C@@H]1C(F)(F)F,4.346787486224656,3.2372000000000023
O=C(Nc1cnn(Cc2ccc(C(F)(F)F)cc2)c1)c1cc(-c2ccco2)on1,4.346787486224656,4.450500000000003
Cc1nn(Cc2ccc(Cl)c(Cl)c2)cc1NC(=O)c1cc(-c2ccco2)on1,4.346787486224656,5.046920000000004
O=C(Nc1cnn(Cc2ccc(F)cc2)c1)c1cc(-c2ccco2)on1,4.346787486224656,3.570800000000002
O=C(Nc1cnn(Cc2cccc(C(F)(F)F)c2)c1)c1cc(-c2ccco2)on1,4.346787486224656,4.450500000000003
Cc1c(NC(=O)c2cc(-c3ccco3)on2)cnn1Cc1ccc(Cl)c(Cl)c1,4.346787486224656,5.046920000000002
O=C(Nc1cnn(Cc2cccc(Cl)c2)c1)c1cc(-c2ccco2)on1,4.346787486224656,4.085100000000002
Cc1ccncc1Cn1cc(NC(=O)c2cc(-c3ccccc3F)on2)cn1,4.346787486224656,3.6812200000000015
COc1ccncc1Cn1cc(NC(=O)c2cc(-c3ccccc3F)on2)cn1,4.346787486224656,3.381400000000001
Cc1nnc(-c2cc(C(=O)Nc3cnn(Cc4cccc(F)c4)c3)no2)s1,4.346787486224656,3.1377200000000016
O=C(Nc1cnn(Cc2ncccc2C(F)(F)F)c1)c1cc(-c2ccccc2F)on1,4.346787486224656,4.391600000000002
Cc1cnc(-c2cc(C(=O)Nc3cnn(Cc4ccccc4)c3)no2)s1,4.346787486224656,3.603620000000002
Cc1csc(-c2cc(C(=O)Nc3cnn(Cc4ccccc4)c3)no2)n1,4.346787486224656,3.603620000000001
O=C(Nc1cnn(Cc2ccccc2)c1)c1cc(-c2cccc(F)c2)on1,4.346787486224656,3.977800000000003
COc1ccc(C2CCCN2C(=O)c2cc(-c3ccc4c(c3)OCO4)on2)nc1,4.346787486224656,3.451200000000002
O=C(Nc1cnn(Cc2ccccc2)c1)c1cc(-c2ccncc2F)on1,4.346787486224656,3.3728000000000016
O=C(Nc1cnn(Cc2ccccc2)c1)c1cc(-c2cnco2)on1,4.346787486224656,2.8267000000000007
CCOC(=O)c1cc(C(=O)Nc2cnn(Cc3ccccc3)c2)on1,4.346787486224656,2.3484
CC(C)(O)c1cc(C(=O)Nc2cnn(Cc3ccccc3)c2)on1,4.346787486224656,2.3991000000000007
CCOC(=O)c1cc(-c2cc(C(=O)Nc3cnn(Cc4cccc(F)c4)c3)no2)on1,4.346787486224656,3.142500000000001
O=C(Nc1cnn(Cc2ccccc2)c1)c1cc(-c2ccccc2Cl)on1,4.346787486224656,4.492100000000002
O=C(Nc1cnn(Cc2cnccc2C(F)(F)F)c1)c1cc(-c2ccccn2)on1,4.346787486224656,3.6475000000000026
O=C(Nc1cnn(Cc2cnccc2C(F)(F)F)c1)c1cc(-c2ccco2)on1,4.346787486224656,3.845500000000002
O=C(Nc1cnn(Cc2cnccc2C(F)(F)F)c1)c1cc(-c2ccc3c(c2)OCO3)on1,4.346787486224656,3.981200000000002
CC(C)c1cc(C(=O)Nc2cc3ccccn3n2)no1,4.346787486224656,2.6980000000000004
O=C(Nc1cnn(Cc2cccnc2C(F)(F)F)c1)c1cc(-c2ccccc2F)on1,4.346787486224656,4.391600000000002
Cc1nnc(-c2cc(C(=O)Nc3cnn(Cc4cccc(F)c4)c3)no2)o1,4.346787486224656,2.669220000000001
O=C(Nc1cnn(Cc2ccccc2)c1)c1cc(Cl)on1,4.346787486224656,2.825100000000001
O=C(Nc1cnn(Cc2cnccc2C(F)(F)F)c1)c1cc(-c2ccccc2)on1,4.346787486224656,4.252500000000003
NC(=O)c1cc(C(=O)Nc2cnn(Cc3cccc(F)c3)c2)no1,4.346787486224656,1.4097
O=C(Nc1cnn(Cc2ccc(Cl)cc2)c1)c1cc(-c2ccco2)on1,4.346787486224656,4.085100000000002
Cc1nnc(-c2cc(C(=O)Nc3cnn(Cc4ccccc4)c3)no2)o1,4.346787486224656,2.53012
C=C(C)c1cc(C(=O)Nc2cnn(Cc3cnccc3C(F)(F)F)c2)no1,4.346787486224656,3.6186000000000016
CC(C)c1cc(C(=O)Nc2cnn(CC34CCC(CC3)CC4)c2)no1,4.346787486224656,4.217200000000004
O=C(Nc1cnn(Cc2cccc(F)c2)c1)c1cc(-c2ccno2)on1,4.346787486224656,2.9658000000000007
N#Cc1cc(C(=O)Nc2cnn(Cc3cccc(F)c3)c2)no1,4.346787486224656,2.18248
O=C(Nc1cnn(CC2CC2)c1)c1cc(-c2ccccc2)on1,4.346787486224656,3.200400000000002
CN(Cc1cccc(F)c1)C(=O)c1cc(-c2ccccc2)on1,4.346787486224656,3.752900000000003
Cn1cc(NC(=O)c2cc(-c3ccco3)on2)cn1,4.346787486224656,1.9203999999999999
CC(C)(C)OC(=O)n1cc(NC(=O)c2cc(-c3ccco3)on2)cn1,4.346787486224656,3.1666000000000007
O=C(Nc1cnn(Cc2ccccc2C(F)(F)F)c1)c1cc(-c2ccco2)on1,4.346787486224656,4.450500000000003
Cc1nnc(-c2cc(C(=O)Nc3cnn(Cc4ccccc4)c3)no2)s1,4.346787486224656,2.9986200000000016
COc1ccc(C(=O)Nc2nc3cc(N)ccc3s2)cc1,4.301029995663981,3.1394
O=C(Nc1nc2ccc(OCCBr)cc2s1)c1ccc(C(=O)c2ccccc2)cc1,4.301029995663981,5.553300000000005
COc1ccc2nc(NC(=O)c3ccc(C(=O)N4CCN(C)CC4)cc3)sc2c1,4.301029995663981,2.9448000000000016
COc1ccc2nc(NS(=O)(=O)c3ccccc3)sc2c1,4.301029995663981,3.1057000000000015
COc1ccc2nc(NC(=O)CCc3ccccc3)sc2c1,4.301029995663981,3.8762000000000025
FC(F)(F)c1ccccc1OC1CCN(c2nnc(-c3nn[nH]n3)s2)CC1,4.301029995663981,2.7847999999999997
O=C(O)Cn1nnc(-c2cnc(N3CC4(C3)CN(c3cc(F)ccc3Cl)C4)s2)n1,4.29,2.0002999999999993
O=C(O)Cn1nnc(-c2nnc(OCCCOc3cc(F)ccc3Br)s2)n1,4.221848749616356,2.0256999999999996
O=C(O)c1cnc(N2CCN(C(=O)c3ccccc3C(F)(F)F)CC2)s1,4.17,2.8225000000000016
O=C(O)Cn1nnc(-c2cc(OCCOCc3cc(F)ccc3Br)no2)n1,4.0,1.9098999999999997
O=C(O)Cn1nnc(-c2cnc(N3CC4(CCN(c5cc(F)ccc5Cl)CC4)C3)s2)n1,4.0,2.780500000000001
O=C(O)Cn1nnc(-c2cnc(N3CCC4(CC3)CN(c3cc(F)ccc3Cl)C4)s2)n1,4.0,2.780500000000001
O=C(O)Cn1nnc(-c2cnc(-c3cn(Cc4cc(Cl)c(Cl)c(Cl)c4)nn3)s2)n1,4.0,3.148200000000001
