SMILES,pIC50
FC(F)(F)c1cccc2c1CCC1(CCN(c3ccc(-c4nnc(Cc5cccnc5)o4)nn3)CC1)O2,10.52
CCNc1ccc(C(=O)Nc2ncc(Cc3cccc(C(F)(F)F)c3)s2)cc1OCCO,10.4
COc1ccc(-c2nc3ccc(NCc4ccc(Cl)c(C(F)(F)F)c4)cc3n(CCNC(C)=O)c2=O)cc1,10.3
FC(F)(F)c1cccc2c1CCC1(CCN(c3ccc(-c4nnc(Cc5cccnc5)o4)nn3)CC1)O2,10.22
Clc1cccc2c1CCC1(CCN(c3ccc(-c4nnc(Cc5cccnc5)o4)nn3)CC1)O2,10.22
O=C(NCC(O)c1ccccc1)c1ccc(N2CCC3(CCc4ccccc4O3)CC2)nn1,10.17
Fc1ccc(F)c2c1CCC1(CCN(c3ccc(-c4nnc(Cc5cccnc5)o4)nn3)CC1)O2,10.0
COc1ccc(C(=O)Nc2ncc(Cc3cc(C(F)(F)F)cc(C(F)(F)F)c3)s2)cc1OCCO,9.7
Cc1cccc2c1CCC1(CCN(c3ccc(-c4nnc(Cc5cccnc5)o4)nn3)CC1)O2,9.7
Fc1cccc2c1CCC1(CCN(c3ccc(-c4nnc(Cc5cccnc5)o4)nn3)CC1)O2,9.52
COc1ccc(C(=O)Nc2ncc(Cc3cc(C(F)(F)F)cc(C(F)(F)F)c3)s2)cc1OCCO,9.52
O=C(NCC(O)c1cccnc1)c1ccc(N2CCC3(CCc4c(cccc4C(F)(F)F)O3)CC2)nn1,9.35
O=C(NCC(O)c1ccccc1)c1ccc(N2CCC3(CC2)CC(O)c2ccccc2O3)nn1,9.32
OCc1ccc(-c2ccc(N3CCC(N4CCc5ccc(F)cc54)CC3)nn2)cn1,9.3
O=C(CO)NCCN1C(=O)COc2ccc(NCc3ccc(Cl)c(Cl)c3)cc21,9.3
O=C(NCC(O)c1ccccc1)c1ccc(N2CCC3(CC2)Oc2ccccc2CC3O)nn1,9.25
COCCOc1ccc(C(=O)Nc2ncc(Cc3cccc(C(F)(F)F)c3)s2)cc1OCCO,9.22
COc1ccc(C(=O)Nc2ncc(Cc3ccc(F)c(C(F)(F)F)c3)s2)cc1OCCO,9.22
O=C(NCC(O)c1ccccc1)c1ccc(N2CCC3(CC2)CC(=O)c2ccccc2O3)nn1,9.16
Fc1cccc2c1CCC1(CCN(c3ccc(-c4nnc(Cc5cccnc5)o4)nn3)CC1)O2,9.15
Cc1cccc2c1CCC1(CCN(c3ccc(-c4nnc(Cc5cccnc5)o4)nn3)CC1)O2,9.15
FC(F)(F)c1cccc2c1CCC1(CCN(c3ccc(-c4nnc(Cc5cccnc5)o4)nn3)CC1)O2,9.1
O=C(NCC(O)c1cccnc1)c1ccc(N2CCC3(CCc4c(Cl)cccc4O3)CC2)nn1,9.0
FC(F)(F)c1cccc2c1CCC1(CCN(c3ccc(-c4nc(Cc5cccnc5)n[nH]4)nn3)CC1)O2,9.0
O=C(O)Cn1nnc(-c2cc(N3CCC(Oc4cc(F)ccc4Br)CC3)no2)n1,9.0
OCc1nc(-c2cnc(N3CCC(Oc4ccccc4C(F)(F)F)CC3)s2)no1,9.0
c1cncc(Cc2nnc(-c3ccc(N4CCC5(CCc6ccccc6O5)CC4)nn3)o2)c1,9.0
COc1ccc(C(=O)Nc2ncc(Cc3cc(Cl)cc(Cl)c3)s2)cc1OCCO,9.0
O=C(O)Cn1nnc(-c2cnc(N3CCC4(CCc5c(OC(F)(F)F)cccc5O4)CC3)s2)n1,9.0
Fc1ccc(F)c2c1CCC1(CCN(c3ccc(-c4nnc(Cc5cccnc5)o4)nn3)CC1)O2,9.0
O=C(O)Cn1nnc(-c2nnc(N3CCC4(CCc5c(OC(F)(F)F)cccc5O4)CC3)s2)n1,9.0
COc1ccc(C(=O)Nc2ncc(Cc3ccc(Cl)c(Cl)c3)s2)cc1OCCO,9.0
O=C(O)Cn1nnc(-c2cnc(N3CCC4(CCc5c(Br)cccc5O4)CC3)s2)n1,9.0
O=C(O)Cn1nnc(-c2cc(N3CCC4(CCc5c(OC(F)(F)F)cccc5O4)CC3)no2)n1,9.0
Clc1cccc2c1CCC1(CCN(c3ccc(-c4nnc(Cc5cccnc5)o4)nn3)CC1)O2,9.0
O=C(O)Cn1nnc(-c2nnc(N3CCC4(CCc5c(cccc5C(F)(F)F)O4)CC3)s2)n1,9.0
O=C(O)Cn1nnc(-c2cc(N3CCC4(CCc5c(Br)cccc5O4)CC3)no2)n1,9.0
Cc1cccc2c1CCC1(CCN(c3ccc(C(=O)NCC(O)c4cccnc4)nn3)CC1)O2,9.0
O=C(O)Cn1nnc(-c2cnc(N3CCC4(CCc5c(cccc5C(F)(F)F)O4)CC3)s2)n1,9.0
Cc1cccc2c1CCC1(CCN(c3ncc(-c4nnn(CC(=O)O)n4)s3)CC1)O2,9.0
OCc1nsc(-c2ccc(N3CCC(c4ccc(C(F)(F)F)cc4)(C(F)(F)F)CC3)nn2)n1,8.92
O=C(NCC(O)c1cccnc1)c1ccc(N2CCC3(CCc4c(F)ccc(F)c4O3)CC2)nn1,8.7
Cc1csc(-c2ccc(N3CCC(N4CCc5ccc(F)cc54)CC3)nn2)n1,8.7
Cc1ccc(-c2ccc(N3CCC(N4CCc5ccc(F)cc54)CC3)nn2)cn1,8.7
CCOc1ccc(C(=O)Nc2ncc(Cc3cccc(C(F)(F)F)c3)s2)cc1OCCO,8.7
COc1ccc(C(=O)Nc2ncc(Cc3ccc(F)c(Cl)c3)s2)cc1OCCO,8.7
O=C(NCC(O)c1cccnc1)c1ccc(N2CCC3(CCc4c(Cl)cccc4O3)CC2)nn1,8.7
OCc1noc(-c2ccc(N3CCC(c4ccc(C(F)(F)F)cc4)(C(F)(F)F)CC3)nn2)n1,8.64
OCc1nnc(-c2ccc(N3CCC(c4ccc(C(F)(F)F)cc4)(C(F)(F)F)CC3)nn2)s1,8.6
O=C(CO)NCCn1c(=O)c(C(F)(F)F)nc2ccc(NCc3cccc(C(F)(F)F)c3)cc21,8.57
O=C(NCC(O)c1ccccc1)c1ccc(N2CCC3(CCc4ccccc4O3)CC2)nn1,8.57
COc1ccc(-c2nc3ccc(NCc4cccc(C(F)(F)F)c4)nc3n(CCC(N)=O)c2=O)cc1,8.55
O=C(Nc1ncc(CO)s1)c1ccc(CNc2ccccc2C(F)(F)F)cc1,8.55
COc1ccc(C(=O)Nc2ncc(Cc3cc(F)cc(F)c3)s2)cc1OCCO,8.54
COc1ccc(C(=O)Nc2ncc(Cc3cccc(C(F)(F)F)c3)s2)cc1OCCO,8.52
O=C(NCC(O)c1cccnc1)c1ccc(N2CCC3(CCc4c(cccc4C(F)(F)F)O3)CC2)nn1,8.52
O=C(Nc1ccc(Cl)cc1)c1ccc(N2CCN(C(=O)c3ccccc3C(F)(F)F)CC2)nn1,8.52
CCCCCCc1ccccc1NCc1ccc(C(=O)Nc2nc(CC(=O)O)cs2)cc1,8.52
CCCCc1ccccc1NCc1ccc(C(=O)Nc2nc(CCO)cs2)cc1,8.52
OCc1cn(-c2ccc(N3CCC(N4CCc5ccc(F)cc54)CC3)nn2)cn1,8.52
COc1ccc(/C=C/C(=O)Nc2ncc(Cc3cccc(C(F)(F)F)c3)s2)cc1,8.52
O=C(O)Cn1ccn(-c2cnc(N3CCC4(CCc5c(Cl)cccc5O4)CC3)s2)c1=O,8.52
O=C(O)Cn1nnc(-c2nnc(N3CCC4(CCc5c(Cl)cccc5O4)CC3)s2)n1,8.52
COc1ccc(-c2nc3ccc(NCc4ccc(F)c(C)c4)cc3n(CCNC(C)=O)c2=O)cc1,8.51
CCc1ccc(-c2nc3ccc(NCc4cccc(C(F)(F)F)c4)cc3n(CCNC(C)=O)c2=O)cc1,8.49
CCCCc1ccccc1NCc1ccc(C(=O)Nc2nc(CO)cs2)cc1,8.49
COc1ccc(-c2nc3ccc(NCc4cccc(C(F)(F)F)c4)cc3n(CCNC(C)=O)c2=O)cc1,8.48
O=C(Nc1nc(CO)cs1)c1ccc(CNc2ccccc2C(F)(F)F)cc1,8.42
O=C(Nc1ncc(CCO)s1)c1ccc(CNc2ccccc2C(F)(F)F)cc1,8.42
O=C(Nc1nc(CCO)cs1)c1ccc(CNc2ccccc2C(F)(F)F)s1,8.41
COc1ccc(-c2ccc(N3CCC(N4CCc5ccc(F)cc54)CC3)nn2)cn1,8.4
COc1ccc(C(=O)Nc2ncc(Cc3cccc(OC(F)(F)F)c3)s2)cc1OCCO,8.4
c1cncc(Cc2nnc(-c3ccc(N4CCC5(CCc6ccccc6O5)CC4)nn3)o2)c1,8.4
FC(F)(F)c1cccc2c1CCC1(CCN(c3ccc(-c4nc(Cc5cccnc5)n[nH]4)nn3)CC1)O2,8.4
COc1ccc(C(=O)Nc2ncc(Cc3cccc(Cl)c3)s2)cc1OCCO,8.4
c1ccc(Cc2nnc(-c3ccc(N4CCC5(CCc6ccccc6O5)CC4)nn3)o2)nc1,8.4
CCN(CC)c1ccc(C(=O)Nc2ncc(Cc3cccc(C(F)(F)F)c3)s2)cc1OCCO,8.4
Cc1ccc(-c2ccc(N3CCC(c4noc5ccc(F)cc45)CC3)nn2)cn1,8.4
Cc1csc(NC(=O)c2ccc(CNc3ccccc3C(F)(F)F)cc2)n1,8.39
O=C(Nc1nc(CCO)cs1)c1ccc(CNc2ccccc2C(F)(F)F)cc1,8.38
O=C(Nc1nc(CO)cs1)c1ccc(CNc2ccccc2Cl)cc1,8.37
CCCCCCCCc1ccccc1NCc1ccc(C(=O)Nc2nc(CC(=O)O)cs2)cc1,8.35
CCCCCCc1ccccc1NCc1ccc(C(=O)Nc2nc(CCO)cs2)s1,8.35
OCc1nnc(-c2ccc(N3CCC(c4ccc(C(F)(F)F)cc4)(C(F)(F)F)CC3)nn2)o1,8.33
CCCCCCc1ccccc1NCc1ccc(C(=O)Nc2nc(CC(=O)O)cs2)s1,8.32
CC(C)CCc1ccccc1NCc1ccc(C(=O)Nc2nc(CC(=O)O)cs2)cc1,8.32
O=C(O)Cn1nnc(-c2cc(N3CCC(Oc4cc(F)ccc4Br)CC3)no2)n1,8.3
Cc1ccccc1C(=O)C1CCN(c2ccc(C(=O)NCC(O)c3ccc(F)cc3)nn2)CC1,8.3
O=C(Nc1nc(CO)cs1)c1ccc(CNc2ccccc2C(F)(F)F)s1,8.29
O=C(O)Cc1csc(NC(=O)c2ccc(CNc3ccccc3C(F)(F)F)cc2)n1,8.29
O=C(Nc1nc(CCCO)cs1)c1ccc(CNc2ccccc2C(F)(F)F)cc1,8.28
CC(C)CCc1ccccc1NCc1ccc(C(=O)Nc2nc(CCO)cs2)cc1,8.28
CCCCc1ccccc1NCc1ccc(C(=O)Nc2nc(CC(=O)O)cs2)cc1,8.26
O=C(O)Cc1csc(NC(=O)c2ccc(CNc3ccccc3Cc3ccccc3)cc2)n1,8.26
COc1ccc(-c2nc3cnc(NCc4cccc(C(F)(F)F)c4)nc3n(CCC(N)=O)c2=O)cc1,8.25
Cc1cccc2c1CCC1(CCN(c3ccc(C(=O)NCC(O)c4cccnc4)nn3)CC1)O2,8.22
Cc1ccccc1C(=O)C1CCN(c2ccc(C(=O)NCC(O)c3cccc(F)c3)nn2)CC1,8.22
CNC(=O)c1ccc(-c2ccc(N3CCC(N4CCc5ccc(F)cc54)CC3)nn2)cn1,8.22
OCc1cnn(-c2ccc(N3CCC(N4CCc5ccc(F)cc54)CC3)nn2)c1,8.22
O=C(NCC(O)c1cccnc1)c1ccc(N2CCC3(CCc4c(F)cccc4O3)CC2)nn1,8.22
Cc1ccc(-c2ccc(N3CCC(N4CCc5ccc(F)cc54)CC3)nn2)s1,8.22
Fc1ccc(-c2ccc(N3CCC(N4CCc5ccc(F)cc54)CC3)nn2)cc1,8.22
Cn1cc(-c2ccc(N3CCC(n4nc(Cl)c5ccccc54)CC3)nn2)cn1,8.22
c1ccc2c(c1)CCC1(CCN(c3ccc(-c4nnc(Cc5ccncc5)o4)nn3)CC1)O2,8.22
Cc1nc2ccc(NCc3cccc(C(F)(F)F)c3)cc2n(CCNC(=O)CO)c1=O,8.21
O=C(O)CCc1csc(NC(=O)c2ccc(CNc3ccccc3C(F)(F)F)cc2)n1,8.2
Cc1csc(NC(=O)c2ccc(CNc3ccccc3C)cc2)n1,8.19
O=C(Nc1nc(CCO)cs1)c1ccc(CNc2ccccc2Cl)cc1,8.19
COc1ccc(-c2nc3ccc(NCc4cc(C(F)(F)F)ccn4)cc3n(CCNC(C)=O)c2=O)cc1,8.19
OCc1noc(-c2ccc(N3CCC4(COc5ccccc54)C3)nn2)n1,8.19
CC(C)CCc1ccccc1NCc1ccc(C(=O)Nc2nc(CC(=O)O)cs2)s1,8.17
O=C(NCC(O)c1cccnc1)c1ccc(N2CCC3(CCc4c(F)ccc(F)c4O3)CC2)nn1,8.15
O=C(NCC(O)c1cccnc1)c1ccc(N2CCC3(CCc4c(F)cccc4O3)CC2)nn1,8.15
O=C(O)c1cncc(-c2ccc(N3CCC(Oc4cc(F)ccc4Br)CC3)nn2)c1,8.15
Cc1ccccc1C(=O)C1CCN(c2ccc(C(=O)NCC(O)c3ccsc3)nn2)CC1,8.15
NC(=O)c1nnc(N2CCC(Oc3ccccc3C(F)(F)F)CC2)s1,8.15
O=C(NCC(O)c1ccccc1)c1ccc(N2CCC(C(=O)c3ccccc3C(F)(F)F)CC2)nn1,8.15
Cc1ccccc1C(=O)C1CCN(c2ccc(C(=O)NCC(O)c3ccccc3)nn2)CC1,8.15
c1ccc2c(c1)CCC1(CCN(c3ccc(-c4nnc(Cc5ccncc5)o4)nn3)CC1)O2,8.15
COc1ccc(-c2ccc(N3CCC(c4noc5ccc(F)cc45)CC3)nn2)nc1,8.15
OCc1ccc(-c2ccc(N3CCC(N4CCc5ccc(F)cc54)CC3)nn2)cc1,8.15
O=C(O)Cc1csc(NC(=O)c2ccc(CNc3ccccc3Cc3ccccc3)s2)n1,8.12
OCc1ccc(-c2ccc(N3CCC(N4CCc5ccc(F)cc54)CC3)nn2)cc1,8.1
Cc1nc(N2CCN(CCCc3ccccc3)C2=O)sc1C(=O)NCc1cccnc1,8.1
COc1ccc(C(=O)Nc2ncc(Cc3ccc(F)c(C(F)(F)F)c3)s2)cc1OCCO,8.1
COc1ccc(C(=O)Nc2nnc(Cc3cccc(C(F)(F)F)c3)s2)cc1OCCO,8.1
Cn1cc(-c2ccc(N3CCC(n4ncc5ccc(C(F)(F)F)cc54)CC3)nn2)cn1,8.1
COCc1cnn(-c2ccc(N3CCC(c4noc5ccc(F)cc45)CC3)nn2)c1,8.1
COc1ccc2nc(NC(=O)c3ccc(C(=O)c4ccccc4)cc3)sc2c1,8.1
N[C@H](c1ccccc1)c1ccc(C(=O)Nc2nc3ccc(O)cc3s2)cc1,8.1
OCc1ccc(-c2ccc(N3CCC(c4noc5ccc(F)cc45)CC3)nn2)cn1,8.1
Cc1nc(-n2cnn(Cc3ccc(C(F)(F)F)o3)c2=O)sc1C(=O)NCc1cccnc1,8.1
O=C(Nc1ncc(C(=O)O)s1)c1ccc(CNc2ccccc2C(F)(F)F)cc1,8.09
COc1ccc(-c2nc3ccc(NCc4ccc(Cl)c(Cl)c4)cc3n(CCNC(C)=O)c2=O)cc1,8.07
O=C(O)Cc1csc(NC(=O)c2ccc(CNc3ccccc3-c3ccccc3)cc2)n1,8.06
CCCCc1ccccc1NCc1ccc(C(=O)Nc2nc(CC(=O)O)cs2)s1,8.06
CCCc1ccccc1NCc1ccc(C(=O)Nc2nc(C)cs2)cc1,8.05
c1ccc(Cc2nnc(-c3ccc(N4CCC5(CCc6ccccc6O5)CC4)nn3)o2)nc1,8.05
COc1ccc(C(=O)Nc2ncc(Cc3cccc(Cl)c3)s2)cc1OCCO,8.05
COc1ccc(C(=O)Nc2ncc(Cc3ccc(F)c(F)c3)s2)cc1OCCO,8.05
CCOc1cnn(-c2ccc(N3CCC(N4CCc5ccc(F)cc54)CC3)nn2)c1,8.05
Cn1cc(-c2ccc(N3CCC(n4ncc5ccc(F)cc54)CC3)nn2)cn1,8.05
O=C(O)Cc1csc(NC(=O)c2ccc(CNc3ccccc3C(F)(F)F)s2)n1,8.05
Cc1cn(-c2ccc(N3CCC(N4CCc5ccc(F)cc54)CC3)nn2)cn1,8.05
O=C(NCCc1ccccc1)c1ccc(N2CCN(C(=O)c3ccccc3C(F)(F)F)CC2)nn1,8.05
COc1ccc2cc(C(=O)Nc3ncc(Cc4cccc(C(F)(F)F)c4)s3)ccc2c1,8.05
Cc1nc(-n2cnn(CCOc3ccc(F)cc3)c2=O)sc1C(=O)NCc1cccnc1,8.05
Cc1nc(-n2cnn(Cc3ccc(F)cc3)c2=O)sc1C(=O)NCc1nccs1,8.05
Cc1cnc(-c2ccc(N3CCC(c4noc5ccc(F)cc45)CC3)nn2)s1,8.05
O=C(Nc1nc2ccccc2s1)c1ccc(C(=O)c2ccccc2)cc1,8.05
N[C@H](c1ccccc1)c1ccc(C(=O)Nc2nc3ccc(O)cc3s2)cc1,8.05
Cc1csc(NC(=O)c2ccc(CNc3ccccc3Cl)cc2)n1,8.04
N#CC1(c2ccc(S(F)(F)(F)(F)F)cc2)CCN(c2ccc(-c3nc(CO)no3)nn2)CC1,8.02
Cc1ccc(-c2nc3cnc(NCc4cccc(C(F)(F)F)c4)nc3n(CCC(N)=O)c2=O)cc1,8.02
Cc1csc(NC(=O)c2ccc(CNc3ccccc3C(F)(F)F)s2)n1,8.01
O=C(NCc1cccnc1)Nc1ccc(N2CCC3(CCc4c(cccc4C(F)(F)F)O3)CC2)nn1,8.0
O=C(NCC(O)c1ccccc1)c1ccc(N2CCC(C(=O)c3ccccc3OC(F)(F)F)CC2)nn1,8.0
O=C(NCCCC1CC1)c1ccc(N2CCN(C(=O)c3ccccc3C(F)(F)F)CC2)nn1,8.0
COc1cc(C(=O)Nc2ncc(Cc3cccc(C(F)(F)F)c3)s2)ccc1OCCO,8.0
NC(=O)c1cnc(N2CCC(Oc3ccccc3C(F)(F)F)CC2)s1,8.0
O=C(NCC(O)c1cccnc1)c1ccc(N2CCC3(CC2)CCN(CC2CC2)c2ccccc2O3)nn1,8.0
Cc1nc(N2CCN(Cc3ccc(F)cc3)C2=O)sc1C(=O)NCc1cccnc1,8.0
COc1ccc(C(=O)Nc2ncc(Cc3cccc(F)c3)s2)cc1OCCO,7.96
CC(=O)Nc1ccc(C(=O)Nc2ncc(Cc3cccc(C(F)(F)F)c3)s2)cc1OCCO,7.96
COc1ncc(-c2ccc(N3CCC(N4CCc5ccc(F)cc54)CC3)nn2)cn1,7.96
Cc1ccc(-c2ccc(N3CCC(c4noc5ccc(F)cc45)CC3)nn2)cn1,7.96
Cc1ccc(-c2ccc(N3CCC(N4CCc5ccc(F)cc54)CC3)nn2)cc1,7.96
OCCc1cnn(-c2ccc(N3CCC(N4CCc5ccc(F)cc54)CC3)nn2)c1,7.96
Cc1ccccc1C(=O)C1CCN(c2ccc(C(=O)NCC(O)c3cccc(F)c3)nn2)CC1,7.96
N#CC1(c2ccc(OC(F)(F)F)cc2)CCN(c2ccc(-c3nc(CO)no3)nn2)CC1,7.96
Cc1cnn(-c2ccc(N3CCC(N4CCc5ccc(F)cc54)CC3)nn2)c1,7.96
Cn1cc(-c2ccc(N3CCC(n4ccc5ccc(F)cc54)CC3)nn2)cn1,7.96
CNC(=O)Cn1cc(-c2ccc(N3CCC(N4CCc5ccc(F)cc54)CC3)nn2)cn1,7.96
O=C(O)Cn1nnc(-c2cc(N3CCC4(CCc5c(Cl)cccc5O4)CC3)no2)n1,7.96
COc1ccc2nc(NC(=O)c3ccc([C@H](N)c4ccccc4)cc3)sc2c1,7.96
N[C@H](c1ccccc1)c1ccc(C(=O)Nc2nc3ccccc3s2)cc1,7.96
O=C(Nc1ncc(Cc2cccc(C(F)(F)F)c2)s1)c1ccc(N2CCOCC2)c(OCCO)c1,7.92
OCCn1cc(-c2ccc(N3CCC(n4ccc5ccc(F)cc54)CC3)nn2)cn1,7.92
Cc1cnc(-c2ccc(N3CCC(N4CCc5ccc(F)cc54)CC3)nn2)s1,7.92
Cc1nc(-n2ccc(OCCC3CC3)cc2=O)sc1C(=O)NCc1ccccc1,7.92
O=C(NCCC1CC1)c1ccc(N2CCN(C(=O)c3cc(F)ccc3C(F)(F)F)CC2)nn1,7.92
CNC(=O)Cn1cc(-c2ccc(N3CCC(N4CCc5ccc(F)cc54)CC3)nn2)cn1,7.92
O=C(O)Cn1nnc(-c2cnc(N3CCC4(CC3)CC(=O)c3c(Cl)cccc3O4)s2)n1,7.92
Cn1cc(-c2ccc(N3CCC(c4noc5ccc(F)cc45)CC3)nn2)cn1,7.92
N[C@H](c1ccccc1)c1ccc(C(=O)Nc2nc3ccccc3s2)cc1,7.92
Cc1cnn(-c2ccc(N3CCC(c4noc5ccc(F)cc45)CC3)nn2)c1,7.92
O=C(O)Cn1nnc(-c2nnc(N3CCC4(CCc5c(Cl)cccc5O4)CC3)s2)n1,7.92
CN(C)c1ccc(-c2ccc(N3CCC(N4CCc5ccc(F)cc54)CC3)nn2)cn1,7.92
COc1ccc(C(=O)Nc2ncc(Cc3ccc(Cl)c(Cl)c3)s2)cc1OCCO,7.89
COc1ccc(-c2nc3ccc(NCc4cccc(C)c4)cc3n(CCNC(C)=O)c2=O)cc1,7.89
COc1cccc2c1CCC1(CCN(c3nnc(-c4nnn(CC(=O)O)n4)s3)CC1)O2,7.89
CC(=O)NCCn1c(=O)c(-c2cccnc2)nc2ccc(NCc3ccc(F)c(Cl)c3)nc21,7.89
COc1ccc(C(=O)Nc2ncc(Cc3cc(Cl)cc(Cl)c3)s2)cc1OCCO,7.89
O=C(O)Cn1nnc(-c2cnc(N3CCC4(CCc5c(Cl)cccc5O4)CC3)s2)n1,7.89
C#CCOc1ccc2nc(NC(=O)c3ccc(C(=O)c4ccccc4)cc3)sc2c1,7.89
CC(=O)NCCn1c(=O)c(-c2cccnc2)nc2ccc(NCc3cccc(C(F)(F)F)c3)cc21,7.89
O=C(O)Cc1csc(NC(=O)c2ccc(CNc3ccccc3Cl)cc2)n1,7.89
NC(=O)c1cc(N2CCC(Oc3ccccc3C(F)(F)F)CC2)no1,7.85
O=C(NCC(O)c1ccccc1)c1ccc(N2CCC(C(=O)c3ccccc3C(F)(F)F)CC2)nn1,7.85
Fc1ccc2c(c1)N(C1CCN(c3ccc(-c4ccc(C(F)(F)F)nc4)nn3)CC1)CC2,7.85
Cc1ccccc1NCc1ccc(C(=O)Nc2nc(CC(=O)O)cs2)cc1,7.85
OCc1nnc(-c2ccc(N3CCC(c4noc5ccc(F)cc45)CC3)nn2)o1,7.85
Cc1nsc(-c2ccc(N3CCC(N4CCc5ccccc54)CC3)nn2)n1,7.85
CN(C)c1ccc(-c2ccc(N3CCC(n4ccc5ccc(F)cc54)CC3)nn2)cn1,7.85
O=C(NC[C@H](O)c1ccccc1)c1ccc(N2CCN(C(=O)c3ccccc3C(F)(F)F)CC2)nn1,7.82
CN(C)c1ccc(C(=O)Nc2ncc(Cc3cccc(C(F)(F)F)c3)s2)cc1OCCO,7.82
Cc1ccccc1C(=O)C1CCN(c2ccc(C(=O)NCC(O)c3ccccc3)nn2)CC1,7.82
CS(=O)(=O)c1ccc2nc(-c3ccc(-c4cccc(Cl)c4)cc3)[nH]c2c1,7.82
Cn1cc(-c2ccc(N3CCC(N4CCc5ccc(F)cc54)CC3)nn2)cn1,7.82
N#CC1(c2cccc(Cl)c2)CCN(c2ccc(-c3nc(CO)no3)nn2)CC1,7.82
CC(=O)NCCn1c(=O)c(-c2cccnc2)nc2ccc(NCc3ccc(Cl)c(Cl)c3)nc21,7.82
CNC(=O)Cn1cc(-c2ccc(N3CCC(n4ccc5ccc(F)cc54)CC3)nn2)cn1,7.82
CC(=O)Nc1ccc(-c2ccc(N3CCC(N4CCc5ccc(F)cc54)CC3)nn2)cn1,7.82
Cn1cc(-c2ccc(N3CCC(n4ncc5c(Cl)cccc54)CC3)nn2)cn1,7.82
FC(F)(F)c1ccccc1OC1CCN(c2ncc(-c3ncon3)s2)CC1,7.8
O=c1[nH]c(CO)nc2nc(N3CCC(Oc4ccccc4C(F)(F)F)CC3)sc12,7.8
O=C(NCC(O)c1ccccc1)c1ccc(N2CCC3(CC2)CC(O)c2ccccc2O3)nn1,7.8
Cn1cc(-c2ccc(N3CCC(n4ncc5ccc(Cl)cc54)CC3)nn2)cn1,7.8
O=C(Nc1ncc(Cc2cccc(C(F)(F)F)c2)s1)c1ccc(OCCO)c(OCCO)c1,7.8
COc1ccc(-c2nc3ccc(NCc4ccc(F)c(C(F)(F)F)c4)nc3n(CCNC(C)=O)c2=O)cc1,7.8
Cn1cc(-c2ccc(N3CCC(N4CCc5ccc(C(F)(F)F)cc54)CC3)nn2)cn1,7.8
COc1ccc(-c2nc3ccc(NCc4ccc(Cl)c(Cl)c4)nc3n(CCC(N)=O)c2=O)cc1,7.8
FC(F)(F)c1cccc2c1CCC1(CCN(c3ccc(-c4nnc(CCc5cccnc5)o4)nn3)CC1)O2,7.8
OCc1nnc(-c2ccc(N3CCC(c4noc5ccc(F)cc45)CC3)nn2)o1,7.8
Fc1ccc2ccn(C3CCN(c4ccc(-c5ccc(C(F)(F)F)nc5)nn4)CC3)c2c1,7.8
O=C(NCC(O)c1ccccc1)c1ccc(N2CCC3(CC2)CC(O)c2c(F)cccc2O3)nn1,7.77
OCCn1cc(-c2ccc(N3CCC(N4CCc5ccc(F)cc54)CC3)nn2)cn1,7.77
COc1ccc(C(=O)Nc2ncc(Cc3ccc(F)c(Cl)c3)s2)cc1OCCO,7.77
O=C(O)Cn1nnc(-c2cc(N3CCC4(CC3)CC(=O)c3c(Cl)cccc3O4)no2)n1,7.77
CCCCCCCCc1ccccc1NCc1ccc(C(=O)Nc2nc(CC(=O)O)cs2)s1,7.77
Nc1nc2cnc(N3CCC(Oc4cc(F)ccc4Br)CC3)nc2s1,7.77
O=C(NCCc1ccccc1)c1ccc(N2CCN(C(=O)c3ccccc3C(F)(F)F)CC2)nn1,7.75
O=C(NCCC1CC1)c1ccc(N2CCN(C(=O)c3cc(Cl)ccc3C(F)(F)F)CC2)nn1,7.75
Cc1csc(NC(=O)c2ccc(CNc3cccc(Cl)c3)cc2)n1,7.75
COc1ccc2nc(NC(=O)c3ccc(C(=O)NCc4ccccc4)cc3)sc2c1,7.75
OCn1cc(-c2ccc(N3CCC(n4ccc5ccc(F)cc54)CC3)nn2)cn1,7.72
Fc1ccc(-c2ccc(N3CCC(N4CCc5ccc(F)cc54)CC3)nn2)cc1,7.72
CS(=O)(=O)c1ccc2nc(-c3ccc(-c4ccccc4F)nc3)[nH]c2c1,7.72
Cn1cc(-c2ccc(N3CCC(N4CCc5ccc(C(F)(F)F)cc54)CC3)nn2)cn1,7.72
O=C(NCC(O)c1ccccc1)c1ccc(N2CCC3(CCc4ccccc4C3=O)CC2)nn1,7.7
N#CC1(c2ccc(Cl)cc2)CCN(c2ccc(-c3nc(CO)no3)nn2)CC1,7.7
OCCc1cnn(-c2ccc(N3CCC(n4ccc5ccc(F)cc54)CC3)nn2)c1,7.7
Cn1cc(-c2ccc(N3CCC(c4noc5ccc(F)cc45)CC3)nn2)cn1,7.7
Cn1cc(Cl)nc(N2CCC(Oc3cc(F)ccc3Cl)CC2)c1=O,7.7
Cc1nnc(-c2ccc(N3CCC(Oc4ccccc4C(F)(F)F)CC3)nn2)s1,7.68
Cc1ccccc1C(=O)C1CCN(c2ccc(C(=O)NCC(O)c3ccsc3)nn2)CC1,7.68
CC(=O)NCCn1c(=O)c(-c2cccnc2)nc2cnc(NCc3ccc(Cl)c(Cl)c3)cc21,7.68
OCCn1cc(-c2ccc(N3CCC(N4CCc5ccc(F)cc54)CC3)nn2)cn1,7.68
CC(C)(C)c1ccc(C2(C#N)CCN(c3ccc(-c4nc(CO)no4)nn3)CC2)cc1,7.68
Cc1csc(-c2ccc(N3CCC(c4noc5ccc(F)cc45)CC3)nn2)n1,7.68
Fc1ccc2c(c1)N(C1CCN(c3ccc(-c4cn[nH]c4)nn3)CC1)CC2,7.68
OCc1cnn(-c2ccc(N3CCC(N4CCc5ccc(F)cc54)CC3)nn2)c1,7.68
Cn1cc(-c2ccc(N3CCC(N4CCc5ccc(C(F)(F)F)cc54)CC3)nn2)cn1,7.68
CCOCCn1cc(-c2ccc(N3CCC(c4noc5ccc(F)cc45)CC3)nn2)cn1,7.68
O=C(O)Cn1nnc(-c2cnc(N3CCC4(CC3)Cc3cccc(Cl)c3C(=O)O4)s2)n1,7.68
CCCn1cc(-c2ccc(N3CCC(n4ccc5ccc(F)cc54)CC3)nn2)cn1,7.66
Cc1ccccc1C(=O)C1CCN(c2ccc(C(=O)NCC(O)c3ccc(F)cc3)nn2)CC1,7.66
O=C(Nc1nc(CO)c(C(=O)O)s1)c1ccc(CNc2ccccc2C(F)(F)F)cc1,7.66
Cc1ccccc1C(=O)C1CCN(c2ccc(C(=O)NCC(O)c3ccccc3F)nn2)CC1,7.66
COc1ccc2nc(NC(=O)c3ccc(C(N)c4ccccc4)cc3)sc2c1,7.66
OCc1ccc(-c2ccc(N3CCC(n4ccc5ccc(F)cc54)CC3)nn2)cc1,7.66
COc1ccc2nc(NC(=O)c3ccc(C(=O)c4ccccn4)cc3)sc2c1,7.66
CNC(=O)Cn1cc(-c2ccc(N3CCC(N4CCc5ccc(F)cc54)CC3)nn2)cn1,7.66
O=C(CNC(=O)c1ccc(N2CCN(C(=O)c3ccccc3C(F)(F)F)CC2)nn1)c1ccccc1,7.64
Cc1cnn(-c2ccc(N3CCC(N4CCc5ccc(F)cc54)CC3)nn2)c1,7.64
Cn1cc(-c2ccc(N3CCC(n4ccc5ccc(F)cc54)CC3)nn2)cn1,7.64
COc1ccc2nc(NC(=O)c3ccc(C(=O)c4cccnc4)cc3)sc2c1,7.64
CS(=O)(=O)c1ccc2nc(-c3ccc(-c4ccccc4)cc3)[nH]c2c1,7.62
CCCCCCNC(=O)c1ccc(N2CCN(C(=O)c3ccccc3C(F)(F)F)CC2)nn1,7.62
O=C(NCCC1CC1)c1ccc(N2CCN(C(=O)c3ccc(F)cc3C(F)(F)F)CC2)nn1,7.62
NC(=O)c1cnc(N2CCC(Sc3ccccc3C(F)(F)F)CC2)s1,7.62
O=C(O)Cn1nnc(-c2nnc(N3CCC4(CC3)CC(=O)c3c(Cl)cccc3O4)s2)n1,7.62
Cn1cc(-c2ccc(N3CCC(n4ccc5ccc(F)cc54)CC3)nn2)cn1,7.6
Cc1ccccc1C(=O)C1CCN(c2ccc(C(=O)NCC(O)c3cccs3)nn2)CC1,7.6
O=C(NC[C@H](O)c1ccccc1)c1ccc(N2CCN(C(=O)c3ccccc3C(F)(F)F)CC2)nn1,7.6
OCn1cc(-c2ccc(N3CCC(n4ccc5ccc(F)cc54)CC3)nn2)cn1,7.6
COc1ccc(C(=O)Nc2ncc(Cc3cc(C(F)(F)F)cc(C(F)(F)F)c3)s2)cc1OCCO,7.58
Cc1nc(-n2ccc(OCc3ccccc3)cc2=O)sc1C(=O)NCc1ccccc1,7.58
O=C(O)Cn1nnc(-c2cc(N3CC4CN(c5cc(F)ccc5Cl)CC4C3)no2)n1,7.57
N#CC1(c2ccc(C(F)(F)F)cc2)CCN(c2ccc(-c3nc(CO)no3)nn2)CC1,7.57
CS(=O)(=O)c1ccc2nc(-c3ccc(-c4ccccc4F)cc3)[nH]c2c1,7.57
O=C(NCc1cccnc1)c1ccc(N2CCC3(CCc4ccccc4O3)CC2)nn1,7.57
COc1ccc2nc(NC(=O)c3ccc([C@H](N)c4ccccc4)cc3)sc2c1,7.57
CCCCCNC(=O)c1ccc(N2CCN(C(=O)c3ccccc3C(F)(F)F)CC2)nn1,7.55
Cc1ccccc1C(=O)C1CCN(c2ccc(C(=O)NCC(O)c3cccnc3)nn2)CC1,7.55
Cn1cc(-c2ccc(N3CCC(N4CCc5ccc(Cl)cc54)CC3)nn2)cn1,7.55
COc1ccc2nc(NC(=O)c3ccc(C(O)c4ccccn4)cc3)sc2c1,7.54
O=c1[nH]cnc2nc(N3CCC(Oc4ccccc4C(F)(F)F)CC3)sc12,7.54
O=C(CNc1nccnc1Cl)N1CCC(Oc2ccccc2Cl)CC1,7.52
CN(C)c1ccc(-c2ccc(N3CCC(N4CCc5ccc(F)cc54)CC3)nn2)cn1,7.52
Cc1csc(NC(=O)N2CCC(CNc3ccccc3C(F)(F)F)CC2)n1,7.52
Cc1nc(-n2ccc(O)cc2=O)sc1C(=O)NCc1ccc(F)cc1,7.52
CCn1cc(-c2ccc(N3CCC(N4CCc5ccc(F)cc54)CC3)nn2)cn1,7.52
Fc1ccc(Cl)c(OC2CCN(c3nccnn3)CC2)c1,7.52
CS(=O)(=O)c1ccc2nc(-c3ccc(-c4cccc(F)c4)cc3)[nH]c2c1,7.52
FC(F)(F)c1ccccc1NC1CCN(c2nccnn2)CC1,7.52
O=C(Nc1nc(CCCO)c(CCO)s1)c1ccc(CNc2ccccc2C(F)(F)F)cc1,7.51
Fc1ccc2c(c1)N(C1CCN(c3ccc(-c4ccc(C(F)(F)F)cc4)nn3)CC1)CC2,7.51
CCOC(=O)Cn1cc(-c2ccc(N3CCC(N4CCc5ccc(F)cc54)CC3)nn2)cn1,7.51
COc1ccc(NC(=O)c2ncc(Cc3cccc(C(F)(F)F)c3)s2)cc1OCCO,7.5
COc1ccc(C(=O)Nc2cnc(Cc3cc(C(F)(F)F)cc(C(F)(F)F)c3)s2)cc1OCCO,7.5
Cc1ncc(CNC(=O)c2sc(-n3cnn(Cc4ccc(F)cc4)c3=O)nc2C)s1,7.5
COc1ccc(-c2nc3ccc(NCc4cccc(C(F)(F)F)c4)cc3n(CCNC(C)=O)c2=O)cc1,7.48
O=C(NCC(O)c1ccccc1)c1ccc(N2CCC3(CC2)CC(O)c2cccc(F)c2O3)nn1,7.48
COc1ccc(-c2nc3cnc(NCc4ccc(Cl)c(Cl)c4)cc3n(CCNC(C)=O)c2=O)cc1,7.47
COc1ccc(C(=O)Nc2ncc(Cc3cccc(F)c3)s2)cc1OCCO,7.47
COc1ccc(C(=O)Nc2ncc(Cc3ccc(F)c(F)c3)s2)cc1OCCO,7.47
Cc1nsc(-c2ccc(N3CCC(n4ccc5ccccc54)CC3)nn2)n1,7.47
Cc1nc(-n2ccc(O)cc2=O)sc1C(=O)NCc1ccccc1,7.47
CNC(=O)c1nccnc1NCC(=O)N1CCC(Oc2c(F)ccc(F)c2Cl)CC1,7.46
FC(F)(F)c1cccc2c1CCC1(CCN(c3ccc(-c4nnc(CCc5cccnc5)o4)nn3)CC1)O2,7.46
Cn1cc(-c2ccc(N3CCC(n4ccc5ccc(Cl)cc54)CC3)nn2)cn1,7.46
CNc1ccc(-c2ccc(N3CCC(n4ccc5ccc(F)cc54)CC3)nn2)cn1,7.46
Cn1cc(-c2ccc(N3CCC(N4CCc5ccc(F)cc54)CC3)nn2)cn1,7.44
NC(=O)CCn1c(=O)c(-c2cccnc2)nc2cnc(NCc3ccc(Cl)c(Cl)c3)nc21,7.44
CC(C)CCNC(=O)c1ccc(N2CCN(C(=O)c3ccccc3C(F)(F)F)CC2)nn1,7.43
CNC(=O)c1nccnc1NCC(=O)N1CCC(Oc2c(Cl)cccc2Cl)CC1,7.42
Cn1nc(Cc2cccnc2)nc1-c1ccc(N2CCC3(CCc4c(cccc4C(F)(F)F)O3)CC2)nn1,7.42
OCc1noc(-c2ccc(N3CCC(c4ccccc4)(C(F)(F)F)CC3)nn2)n1,7.42
COC(=O)c1nccnc1NCC(=O)N1CCC(Oc2ccccc2Cl)CC1,7.41
O=C(NCCC1CC1)c1ccc(N2CCN(C(=O)c3ccccc3C(F)(F)F)CC2)nn1,7.41
Cc1nc(-c2cnc(N3CCC(Oc4ccccc4C(F)(F)F)CC3)s2)no1,7.41
CCNC(=O)c1nccnc1NCC(=O)N1CCC(Oc2ccccc2Cl)CC1,7.41
Cc1nc(-n2cnn(Cc3ccc(F)cc3)c2=O)sc1C(=O)NCc1cocn1,7.41
Cn1cc(-c2ccc(N3CCC(N4CCc5ccc(F)cc54)CC3)nn2)cn1,7.41
CC(C)N1CCC2(CCN(c3ccc(C(=O)NCC(O)c4cccnc4)nn3)CC2)Oc2ccccc21,7.4
CC(=O)NCCn1c(=O)c(-c2ccc(C)cc2)nc2cnc(NCc3ccc(Cl)c(Cl)c3)cc21,7.4
Cc1nc(N2CCN(Cc3ccc(F)cc3)C2=O)sc1C(=O)NCc1ccccn1,7.4
O=C(O)Cn1nnc(-c2cc(OCCCOc3cc(F)ccc3Br)no2)n1,7.39
CCOCCn1cc(-c2ccc(N3CCC(N4CCc5ccc(F)cc54)CC3)nn2)cn1,7.39
O=C(NCc1ccccc1)c1ccc(N2CCN(C(=O)c3ccccc3C(F)(F)F)CC2)nn1,7.39
O=C(O)Cn1nnc(-c2cnc(N3CCC4(CC3)CC(=O)c3ccccc3O4)s2)n1,7.39
Cn1cc(-c2ccc(N3CCC(N4CCc5ccc(C(F)(F)F)cc54)CC3)nn2)cn1,7.38
O=C(Nc1nc2ccccc2[nH]1)c1ccc(C(=O)c2ccccc2)cc1,7.38
Cc1ccccc1C(=O)C1CCN(c2ccc(C(=O)NCC(O)c3cccnc3)nn2)CC1,7.37
COc1ccc2nc(NC(=O)c3ccc(OCc4ccccc4)cc3)sc2c1,7.37
Cc1ccccc1C(=O)C1CCN(c2ccc(C(=O)NCC(O)c3cccs3)nn2)CC1,7.36
COc1ccc2nc(NC(=O)c3ccc(Nc4ccccc4)cc3)sc2c1,7.36
Cc1csc(NC(=O)c2ccc(CNc3ccccc3C)cn2)n1,7.34
Cc1nc(-n2cnn(Cc3ccc(C(F)(F)F)cc3)c2=O)sc1C(=O)NCc1cccnc1,7.34
COc1ccc(-c2nc3ccc(NCc4ccc(F)c(Cl)c4)nc3n(CCNC(C)=O)c2=O)cc1,7.33
COc1ccc(-c2nc3ccc(NCc4cccc(C(F)(F)F)c4)nc3n(CCNC(C)=O)c2=O)cc1,7.33
Fc1ccc(Br)c(OC2CCN(c3ncc4nc[nH]c4n3)CC2)c1,7.33
Cc1nc(-n2ccc(O)cc2=O)sc1C(=O)NCc1ccc(F)c(F)c1,7.32
FC(F)(F)c1ccccc1OC1CCN(c2ncnc3[nH]cnc23)CC1,7.32
O=C(O)Cn1nnc(-c2cnc(N3CCC4(CCc5ccccc54)CC3)s2)n1,7.31
O=C(NCC(O)c1ccccc1)c1ccc(N2CCC3(CC2)Oc2ccccc2CC3O)nn1,7.31
O=C(CO)Nc1cnc2ncn(Cc3ccc(Cl)c(Cl)c3)c(=O)c2c1,7.31
O=C(NCC(O)c1ccccc1)c1ccc(N2CCC3(CC2)CC(=O)c2ccccc2O3)nn1,7.3
Cc1nc(-n2ccc(CCc3ccccc3)cc2=O)sc1C(=O)NCc1ccccc1,7.3
CCCOc1ccc2nc(NC(=O)c3ccc(C(=O)c4ccccc4)cc3)sc2c1,7.3
COc1ccc2nc(NC(=O)c3ccc([C@H](N)c4ccccc4)cc3)sc2c1,7.3
CNC(=O)c1nccnc1NCC(=O)N1CCC(Oc2ccccc2Cl)CC1,7.29
CNC(=O)c1nccnc1NCC(=O)N1CCC(Oc2c(F)cccc2Cl)CC1,7.29
Cc1ccccc1C(=O)C1CCN(c2ccc(C(=O)NCC(O)c3ccccc3)nn2)CC1,7.29
COc1ccc(-c2nc3ccc(NCc4cc(C(F)(F)F)cc(C(F)(F)F)c4)nc3n(CCNC(C)=O)c2=O)cc1,7.29
Cn1cc(-c2ccc(N3CCC(n4ncc5ccc(F)cc54)CC3)nn2)cn1,7.29
Cn1cc(-c2ccc(N3CCC(n4ncc5c(C(F)(F)F)cccc54)CC3)nn2)cn1,7.28
OCc1cnn(-c2ccc(N3CCC(c4noc5ccc(F)cc45)CC3)nn2)c1,7.28
Cc1nc(N2CCN(Cc3ccccc3)C2=O)sc1C(=O)NCc1ccccc1,7.28
OCCn1cc(-c2ccc(N3CCC(n4ncc5ccc(F)cc54)CC3)nn2)cn1,7.28
O=C(O)COc1nc2cnc(N3CCC(Oc4cc(F)ccc4Br)CC3)nc2s1,7.28
Fc1ccc2c(c1)N(C1CCN(c3ccc(-c4ccc(C(F)(F)F)cc4)nn3)CC1)CC2,7.27
COc1ccc2nc(NC(=O)c3ccc(C(N)c4ccccc4)cc3)sc2c1,7.27
Cc1nc(-n2ccc(OCc3cscn3)cc2=O)sc1C(=O)NCc1ccccc1,7.26
FC(F)(F)c1ccccc1OC1CCN(c2ncc(-c3ncco3)s2)CC1,7.26
Cc1nc(N2CCN(Cc3ccc(F)cc3)C2=O)sc1C(N)=O,7.26
Fc1cc(Br)c(OC2CCN(c3nccnn3)CC2)cc1F,7.26
CNC(=O)c1nccnc1NCC(=O)N1CCC(Oc2ccccc2Br)CC1,7.24
O=C(O)Cc1cnc(NC(=O)c2ccc(CNc3ccccc3C(F)(F)F)cc2)s1,7.24
COc1ccc2nc(NC(=O)c3ccc(N)cc3)sc2c1,7.24
COc1ccc(C(=O)Nc2ncc(Cc3cccc(OC(F)(F)F)c3)s2)cc1OCCO,7.23
Cc1nc2nc(N3CCC(Oc4ccccc4C(F)(F)F)CC3)sc2c(=O)[nH]1,7.23
NNC(=O)c1ccc(N2CCC(c3noc4ccc(F)cc34)CC2)nn1,7.23
COC1CC2(CCN(c3ccc(C(=O)NCC(O)c4ccccc4)nn3)CC2)Oc2ccccc21,7.22
CS(=O)(=O)c1ccn2cc(-c3ccc(-c4ccccc4)cc3)nc2c1,7.22
Cc1ccccc1C(=O)C1CCN(c2ccc(C(=O)NCC(O)c3ccccc3F)nn2)CC1,7.22
O=C(NC[C@@H](O)c1ccccc1)c1ccc(N2CCN(C(=O)c3ccccc3C(F)(F)F)CC2)nn1,7.22
OCCc1cnn(-c2ccc(N3CCC(c4noc5ccc(F)cc45)CC3)nn2)c1,7.22
COc1ccc2nc(NC(=O)c3ccc(C(=O)NCc4ccccc4)cc3)sc2c1,7.22
O=C(NCC(O)c1ccccc1)c1ccc(N2CCC3(C=Cc4ccccc4O3)CC2)nn1,7.21
COc1ccn(-c2nc(C)c(C(=O)NCc3ccccc3)s2)c(=O)c1,7.21
Cc1cc(C(=O)N2CCN(c3ccc(C(=O)NCCC4CC4)nn3)CC2)c(C(F)(F)F)o1,7.21
O=C(O)Cn1nnc(-c2cnc(N3CCC4(CC3)NC(=O)c3c(Cl)cccc3O4)s2)n1,7.21
Cc1nc(N2CCN(CC3CC3)C2=O)sc1C(=O)NCc1cccnc1,7.2
Cn1nc(Cc2cccnc2)nc1-c1ccc(N2CCC3(CCc4c(cccc4C(F)(F)F)O3)CC2)nn1,7.19
FC(F)(F)c1ccccc1OC1CCN(c2ncc(-c3nnco3)s2)CC1,7.19
Cc1cn(-c2ccc(N3CCC(c4noc5ccc(F)cc45)CC3)nn2)cn1,7.19
O=[N+]([O-])c1ccc(Cl)c(OC2CCN(c3nccnn3)CC2)c1,7.19
O=C(O)Cn1nnc(-c2cnc(N3CCC4(CC3)COc3ccccc34)s2)n1,7.19
Cc1nc(-n2cnn(C(C)c3ccc(F)cc3)c2=O)sc1C(=O)NCc1ccccn1,7.18
O=C(NCCC1CC1)c1ccc(N2CCN(C(=O)c3cccc(F)c3C(F)(F)F)CC2)nn1,7.18
Cc1nc(-n2cnn(Cc3ccc(F)cc3)c2=O)sc1C(=O)NCc1ccccn1,7.17
Cc1nc2ccc(NCc3cccc(C(F)(F)F)c3)cc2n(CCNC(=O)C(O)CO)c1=O,7.17
O=C(COc1ccccc1)Nc1ccc2ncn(Cc3ccc(Cl)c(Cl)c3)c(=O)c2c1,7.17
Cc1ccc(CNC(=O)c2ccc(N3CCN(C(=O)c4ccccc4C(F)(F)F)CC3)nn2)o1,7.17
Cc1nsc(-c2ccc(N3CCC(c4noc5ccc(F)cc45)CC3)nn2)n1,7.17
Cn1cc(-c2ccc(N3CCC(n4ncc5c(F)cccc54)CC3)nn2)cn1,7.17
COc1ccc2nc(NC(=O)c3ccc([C@@H](N)c4ccccc4)cc3)sc2c1,7.16
O=C(Nc1nc2ccccc2[nH]1)c1ccc(N2CCN(C(=O)c3ccccc3C(F)(F)F)CC2)nn1,7.16
CCn1cc(-c2ccc(N3CCC(c4noc5ccc(F)cc45)CC3)nn2)cn1,7.16
O=C(NC[C@H](O)c1ccccc1)c1ccc(N2CCN(C(=O)c3ccccc3C(F)(F)F)CC2)nn1,7.15
CCCn1cc(-c2ccc(N3CCC(N4CCc5ccc(F)cc54)CC3)nn2)cn1,7.14
NS(=O)(=O)c1ccc2nc(-c3ccc(-c4ccccc4F)cc3)[nH]c2c1,7.13
O=C(NCC(O)c1ccccc1)c1ccc(N2CCC3(CC2)Cc2ccccc2CO3)nn1,7.12
O=C(NCc1cccnc1)c1ccc(N2CCC3(CCc4ccccc4O3)CC2)nn1,7.12
Cc1cn(-c2ccc(N3CCC(N4CCc5ccccc54)CC3)nn2)cn1,7.12
O=C(CO)Nc1ccc2ncn(Cc3ccc(Cl)cc3)c(=O)c2c1,7.1
COc1ccc(-c2ccc(N3CCC(N4CCc5ccc(F)cc54)CC3)nn2)cn1,7.1
N#CC1(c2ccccc2Cl)CCN(c2ccc(-c3nc(CO)no3)nn2)CC1,7.1
O=C(NCC(O)c1ccccc1)c1ccc(N2CCC(C(=O)c3ccc(F)cc3)CC2)nn1,7.1
O=C(NC[C@@H](O)c1ccccc1)c1ccc(N2CCN(C(=O)c3ccccc3C(F)(F)F)CC2)nn1,7.09
COc1ccc(-c2nc3ccc(NCc4ccc(Cl)c(Cl)c4)nc3n(CCNC(C)=O)c2=O)cc1,7.09
COc1ccc(C(=O)Nc2ncc(Cc3ccc(C)c(F)c3)s2)cc1OCCO,7.09
NC(=O)c1cnc(N2CC[C@H](Oc3ccccc3C(F)(F)F)C2)s1,7.08
COc1ccc2nc(NC(=O)c3ccc([C@H](N)c4ccccc4)cc3)sc2c1,7.07
Cc1cn(-c2ccc(N3CCC(n4ccc5ccccc54)CC3)nn2)cn1,7.07
Cn1ccc(NC(=O)c2cn(Cc3cccc(OC(F)(F)F)c3)cn2)n1,7.06
O=C(NC[C@@H](O)c1ccccc1)c1ccc(N2CCN(C(=O)c3ccccc3C(F)(F)F)CC2)nn1,7.05
NC(=O)c1ncccc1NCC(=O)N1CCC(Oc2ccccc2C(F)(F)F)CC1,7.05
C#CCOc1ccc2nc(NC(=O)c3ccc(C(=O)c4ccccc4)cc3)sc2c1,7.05
Fc1ccc2c(c1)N(C1CCN(c3ccc(-c4ccc(C(F)(F)F)cc4)nn3)CC1)CC2,7.05
Cn1cc(-c2ccc(N3CCC(N4CCc5ccc(C(F)(F)F)cc54)CC3)nn2)cn1,7.04
NC(=O)CCn1c(=O)c(-c2cccnc2)nc2cnc(NCc3cccc(C(F)(F)F)c3)nc21,7.04
Cn1cc(-c2ccc(N3CCC(n4ncc5ccccc54)CC3)nn2)cn1,7.04
NC(=O)c1nccnc1NCC(=O)N1CCC(Oc2ccccc2Cl)CC1,7.03
Cc1csc(NC(=O)c2ccc(CNc3ccccc3)cc2)n1,7.02
Cc1nc(N2CCN(Cc3ccc(F)cc3)C2=O)sc1C(=O)NCc1ncco1,7.02
COc1ncc(-c2ccc(N3CCC(c4noc5ccc(F)cc45)CC3)nn2)cn1,7.02
C[S+]([O-])c1ccc2nc(-c3ccc(-c4ccccc4F)cc3)[nH]c2c1,7.02
COc1ccc(-c2nc3ccc(NCc4cccc(C)c4)nc3n(CCNC(C)=O)c2=O)cc1,7.02
OCc1cnn(-c2ccc(N3CCC(c4noc5ccc(F)cc45)CC3)nn2)c1,7.02
CNC(=O)c1ncccc1NCC(=O)N1CCC(Oc2ccccc2C(F)(F)F)CC1,7.01
O=C(NCc1cccnc1)c1nccnc1NCC(=O)N1CCC(Oc2ccccc2Cl)CC1,7.0
Cn1cc(-c2ccc(N3CCC(N4CCc5cc(F)ccc54)CC3)nn2)cn1,7.0
O=C(NCCc1ccccc1)c1ccc(N2CCN(C(=O)c3ccccc3C(F)(F)F)CC2)nc1,7.0
CNC(=O)c1nccnc1NCC(=O)N1CCC(Nc2ccccc2C(F)(F)F)CC1,7.0
Cc1cnnc(N2CCC(Oc3cc(F)ccc3Cl)CC2)n1,7.0
CCN1CCC2(CCN(c3ccc(C(=O)NCC(O)c4cccnc4)nn3)CC2)Oc2ccccc21,7.0
O=C(NCCO)c1nccnc1NCC(=O)N1CCC(Oc2ccccc2Cl)CC1,7.0
O=C(NCCCCC1CC1)c1ccc(N2CCN(C(=O)c3ccccc3C(F)(F)F)CC2)nn1,7.0
CC(C)CCNC(=O)c1ccc(N2CCN(C(=O)c3ccccc3C(F)(F)F)CC2)nc1,7.0
FC(F)(F)c1ccc(Cl)c(OC2CCN(c3nccnn3)CC2)c1,7.0
C#CCNC(=O)c1ccc(C(=O)Nc2nc3ccc(OC)cc3s2)cc1,7.0
CCCOc1ccc2nc(NC(=O)c3ccc(C(=O)c4ccccc4)cc3)sc2c1,7.0
N#CC1(c2ccc([N+](=O)[O-])cc2)CCN(c2ccc(-c3nc(CO)no3)nn2)CC1,7.0
COc1ccc(-c2nc3ccc(NCc4cccc(Cl)c4)nc3n(CCNC(C)=O)c2=O)cc1,7.0
Cc1cnc(N2CCC(Oc3cc(F)ccc3Cl)CC2)nn1,7.0
Cn1ccnc(N2CCC(Oc3ccccc3C(F)(F)F)CC2)c1=O,7.0
O=C(NCCC1CC1)c1ccc(N2CCN(C(=O)c3cc(Cl)ccc3Cl)CC2)nn1,7.0
O=C(NCc1cccnc1)c1cc(-n2cnn(Cc3ccc(F)cc3)c2=O)n[nH]1,6.99
O=C(NCC(O)c1ccccc1)c1ccc(N2CCC(C(=O)c3ccccc3OC(F)(F)F)CC2)nn1,6.99
Cc1nc(-n2cnn(Cc3ccc(F)cc3)c2=O)sc1C(=O)NCc1cc[nH]n1,6.98
O=C(NCc1cccnc1)Nc1ccc(N2CCC3(CCc4c(cccc4C(F)(F)F)O3)CC2)nn1,6.97
O=C(NCC(O)c1ccccc1)c1ccc(N2CCC(C(=O)c3ccccc3)CC2)nn1,6.97
CCNC(=O)c1ncccc1NCC(=O)N1CCC(Oc2ccccc2C(F)(F)F)CC1,6.96
O=C(CO)Nc1ccc2ncn(Cc3ccc(Cl)c(C(F)(F)F)c3)c(=O)c2c1,6.96
COc1ccc(-c2nc3ccc(NCc4ccc(Cl)cc4)nc3n(CCNC(C)=O)c2=O)cc1,6.96
O=C(NCc1ccccn1)c1nccnc1NCC(=O)N1CCC(Oc2ccccc2Cl)CC1,6.96
O=C(NCc1ccncc1)c1nccnc1NCC(=O)N1CCC(Oc2ccccc2Cl)CC1,6.96
COC1(c2ccccc2)CCN(c2ccc(-c3nc(CO)no3)nn2)CC1,6.96
Fc1ccc2onc(C3CCN(c4ccc(-c5cn[nH]c5)nn4)CC3)c2c1,6.96
CS(=O)(=O)c1cnc2nc(-c3ccc(-c4ccccc4F)cc3)[nH]c2c1,6.95
Cc1csc(-c2ccc(N3CCC(c4noc5ccc(F)cc45)CC3)nn2)c1,6.94
COc1ccc(C(=O)Nc2ncc(Cc3cc(F)cc(F)c3)s2)cc1OCCO,6.94
COc1ccc2nc(NC(=O)c3ccc([C@H](N)c4ccccc4)cc3)sc2c1,6.94
O=C(NCC(O)c1ccccc1)c1ccc(N2CCC(C(=O)c3ccc(F)cc3)CC2)nn1,6.93
CC(C(=O)N1CCN(c2ccc(C(=O)NCCC3CC3)nn2)CC1)(C(F)(F)F)C(F)(F)F,6.92
O=C(CO)Nc1ccc2ncn(Cc3ccc(Cl)c(Cl)c3)c(=O)c2c1,6.92
O=C(NCCO)c1ncccc1NCC(=O)N1CCC(Oc2ccccc2C(F)(F)F)CC1,6.92
CNC(=O)CCn1c(=O)c(-c2ccc(OC)cc2)nc2ccc(NCc3cccc(C(F)(F)F)c3)nc21,6.92
CC(=O)NCCn1c(=O)c(-c2cccnc2)nc2ccc(NCc3cccc(C(F)(F)F)c3)nc21,6.92
COc1ccc2nc(NC(=O)c3ccc(N=[N+]=[N-])cc3)sc2c1,6.92
Cc1nc(-n2ccc(O)cc2=O)sc1C(=O)NCCc1ccc(F)cc1,6.92
Cc1ccc(-c2ccc(N3CCC(n4ccc5ccc(F)cc54)CC3)nn2)s1,6.92
Cc1csc(-c2ccc(N3CCC(c4noc5ccc(F)cc45)CC3)nn2)c1,6.91
O=C(NCc1ccc(C(F)(F)F)o1)c1ccc(N2CCN(C(=O)c3ccccc3C(F)(F)F)CC2)nn1,6.91
O=C(NCCCc1ccccc1)c1ccc(N2CCN(C(=O)c3ccccc3C(F)(F)F)CC2)nn1,6.9
COc1ccc(C(=O)Nc2ncc(Cc3cc(Cl)ccc3Cl)s2)cc1OCCO,6.9
O=C(Nc1ccccc1)c1ccc(N2CCN(C(=O)c3ccccc3C(F)(F)F)CC2)nn1,6.9
Cc1nc(-n2cnn(Cc3cc(F)cc(F)c3)c2=O)sc1C(=O)NCc1cccnc1,6.9
Cc1ccn(-c2ccc(N3CCC(c4noc5ccc(F)cc45)CC3)nn2)n1,6.9
Cn1cc(-c2ccc(N3CCC(n4ccc5ccccc54)CC3)nn2)cn1,6.9
O=C(O)c1ccc(-c2ccc(N3CCC(Oc4cc(F)ccc4Br)CC3)nn2)nc1,6.89
COc1ccc(-c2nc3ccc(NCc4ccc(C)c(C)c4)cc3n(CCNC(C)=O)c2=O)cc1,6.89
OCc1noc(-c2ccc(N3CCC(O)(c4ccccc4)CC3)nn2)n1,6.89
C#CCOc1ccc(C(=O)c2ccc(C(=O)Nc3nc4ccc(OC)cc4s3)cc2)cc1,6.89
Cc1nc(N2CCN(CC3CCCCC3)C2=O)sc1C(=O)NCc1cccnc1,6.87
Cc1nc(-n2ccc(O)cc2=O)sc1C(=O)NCc1cccc(F)c1,6.86
O=C(NCc1ccccc1)c1nccnc1NCC(=O)N1CCC(Oc2ccccc2Cl)CC1,6.85
COc1ccc(-c2nc3cnc(NCc4ccc(Cl)c(Cl)c4)nc3n(CCC(N)=O)c2=O)cc1,6.85
Cc1nc(-n2cnn(CC3CC3)c2=O)sc1C(=O)NCc1cccnc1,6.85
O=C(Nc1nc2ccccc2s1)c1ccc([N+](=O)[O-])cc1,6.85
Cc1ccccc1C(=O)C1CCN(c2ccc(C(=O)NCC(O)c3ccncc3)nn2)CC1,6.84
COc1ccc(C(=O)Nc2ncc(Cc3cccc(C(F)(F)F)c3)s2)cc1OC,6.84
COc1ccc(C(=O)Nc2ccc(Cc3cccc(C(F)(F)F)c3)s2)cc1OCCO,6.84
Cn1cc(-c2ccc(N3CCC(n4ncc5cc(F)ccc54)CC3)nn2)cn1,6.84
Cc1csc(NC(=O)c2ccc(COc3ccccc3Cl)cc2)n1,6.82
NC(=O)c1cnc(N2CCN(Cc3ccccc3C(F)(F)F)CC2)s1,6.82
O=C(NCC(O)c1ccccc1)c1ccc(N2CCC3(CC2)CC(O)c2ccc(F)cc2O3)nn1,6.81
Fc1ccc2onc(C3CCN(c4ccc(-n5ccnc5)nn4)CC3)c2c1,6.81
O=C(NCC(O)c1ccccc1)c1ccc(N2CCC3(CC2)CC(O)c2c(F)cccc2O3)nn1,6.8
O=C(NCc1ccc(Cl)s1)c1ccc2[nH]c(-c3ccc(C(=O)c4ccccc4C(F)(F)F)cc3)nc2c1,6.8
Cc1nc(N2CCN(Cc3ccccc3)C2=O)sc1C(=O)NCc1ccccn1,6.8
COc1ccc2nc(NC(=O)c3ccc([N+](=O)[O-])cc3)sc2c1,6.8
Nc1ncnc2[nH]c(N3CCC(Oc4ccccc4C(F)(F)F)CC3)nc12,6.79
Fc1ccc2onc(C3CCN(c4ccc(-c5cccnc5)nn4)CC3)c2c1,6.78
Cn1cc(-c2ccc(N3CCC(n4ccc5ccc(F)cc54)CC3)nn2)cn1,6.78
O=C(O)CNc1nc2cnc(N3CCC(Oc4cc(F)ccc4Br)CC3)nc2s1,6.78
Cc1cc(-c2ccc(N3CCC(c4noc5ccc(F)cc45)CC3)nn2)ccn1,6.77
Cn1cc(-c2ccc(N3CCC(n4ccc5ccc(C(F)(F)F)cc54)CC3)nn2)cn1,6.76
O=C1CCCN1c1cnc(N2CCC(Oc3ccccc3C(F)(F)F)CC2)s1,6.76
O=C(NCc1nccs1)c1ccc2[nH]c(-c3ccc(C(=O)c4ccccc4C(F)(F)F)cc3)nc2c1,6.75
O=C(CO)Nc1ccc2c(=O)n(Cc3ccc(Cl)c(Cl)c3)cnc2c1,6.75
Cc1ccccc1C(=O)C1CCN(c2ccc(C(=O)NCC(O)c3ccccn3)nn2)CC1,6.75
COc1ccc2nc(NC(=O)c3ccc([C@H](N)c4ccccc4)cc3)sc2c1,6.75
COc1ccc(-c2nc3ccc(NCc4cc(C(F)(F)F)ccn4)nc3n(CCNC(C)=O)c2=O)cc1,6.75
Cn1cc(-c2ccc(N3CCC(n4ccc5cc(Cl)ccc54)CC3)nn2)cn1,6.74
O=C(O)Cn1nnc(-c2cnc(N3CCC4(CC3)NC(=O)c3ccccc3O4)s2)n1,6.74
Cc1ncc2sc(N3CCC(Oc4ccccc4C(F)(F)F)CC3)nc2n1,6.74
Cc1ccccc1C(=O)C1CCN(c2ccc(C(=O)NCC(O)c3ccncc3)nn2)CC1,6.73
N#CC1(c2ccccc2)CCN(c2ccc(-c3nc(CO)no3)nn2)CC1,6.72
Cc1ccn(-c2nc(C)c(C(=O)NCc3ccccc3)s2)c(=O)c1,6.72
O=C(NCCC1CC1)c1ccc(N2CCN(C(=O)c3cc(F)ccc3Cl)CC2)nn1,6.72
O=C(Nc1ccc2ncn(Cc3ccc(Cl)c(Cl)c3)c(=O)c2c1)OCc1ccccc1,6.71
Cc1nc(N2CCN(Cc3ccccc3)C2=O)sc1C(=O)NCc1ccc(F)cc1,6.71
Cc1cnc(CNC(=O)c2sc(-n3cnn(Cc4ccc(F)cc4)c3=O)nc2C)cn1,6.71
NC(=O)c1nnc(N2CCC(Oc3ccccc3C(F)(F)F)CC2)o1,6.7
Cn1cc(Cl)nc(N2CCC(Oc3cc(C(F)(F)F)ccc3Cl)CC2)c1=O,6.7
Cn1nccc(N2CCC(Oc3cc(C(F)(F)F)ccc3Cl)CC2)c1=O,6.7
N[C@H](c1ccccc1)c1ccc(C(=O)Nc2nc3ccc(O)cc3s2)cc1,6.7
Cn1cc(Cl)nc(N2CCC(Oc3ccccc3C(F)(F)F)CC2)c1=O,6.7
COc1ccc(-c2nc3ccc(NCc4cccc(OC(F)(F)F)c4)nc3n(CCNC(C)=O)c2=O)cc1,6.68
O=Cc1nccnc1NCC(=O)N1CCC(Oc2ccccc2Cl)CC1,6.68
Cc1nc(-n2cnn(Cc3ccc(F)cc3)c2=O)sc1C(=O)NCc1ncco1,6.67
Cc1c(C(=O)N=C(N)N)ncn1Cc1ccc(Cl)cc1,6.66
Cn1cc(-c2ccc(N3CCC(N4CCc5cc(Cl)ccc54)CC3)nn2)cn1,6.66
Cc1nc(N2CCN(Cc3ccccc3)C2=O)sc1C(=O)NCc1cccc(F)c1,6.66
O=C(Nc1ccc2ncn(Cc3ccc(F)c(Cl)c3)c(=O)c2c1)OCc1ccccc1,6.66
NC1(c2ccccc2)CCN(c2ccc(-c3nc(CO)no3)nn2)CC1,6.66
Cc1nc(-n2cnn(Cc3ccc(C(F)(F)F)cc3)c2=O)sc1C(=O)NCc1ccccn1,6.64
O=C(NCC(O)c1ccccc1)c1ccc(N2CCC3(CC2)Cc2ccccc2C(=O)O3)nn1,6.64
CS(=O)(=O)c1ccc2nc(-c3ccc(-c4cccs4)cc3)[nH]c2c1,6.64
Cc1nc(-c2n[nH]c(Cc3ccccc3)n2)sc1C(=O)NCc1ccccc1,6.63
Cc1ccc2c(c1)N(C1CCN(c3ccc(-c4cnn(C)c4)nn3)CC1)CC2,6.62
O=C(O)Cn1nnc(-c2cnc(N3CCC4(C=Cc5ccccc54)CC3)s2)n1,6.61
CC(=O)NCCn1c(=O)c(-c2cccnc2)nc2cnc(NCc3ccc(Cl)c(Cl)c3)nc21,6.6
O=C(NCCc1ccccc1)c1ccc(N2CCN(C(=O)c3ccccc3C(F)(F)F)CC2)cn1,6.6
O=C(Nc1ccc2ncn(Cc3ccc(Cl)cc3)c(=O)c2c1)OCc1ccccc1,6.6
O=C(NCC(O)c1ccccc1)c1ccc(N2CCC3(CC2)CC(=O)c2ccccc2O3)nn1,6.6
NC(=O)c1cnc(N2CCN(C(=O)c3ccccc3C(F)(F)F)CC2)s1,6.59
CS(=O)(=O)c1ccc2nc(-c3ccc(-c4ccccc4Cl)cc3)[nH]c2c1,6.59
FC(F)(F)c1ccccc1OC1CCN(c2ncc3nc[nH]c3n2)CC1,6.59
Cc1cn(-c2ccc(N3CCC(c4noc5cc(F)ccc45)CC3)nn2)cn1,6.59
O=C(Nc1ncc(CCCO)s1)c1ccc(CNc2ccccc2C(F)(F)F)cc1,6.58
CC(C)CNC(=O)c1nccnc1NCC(=O)N1CCC(Oc2ccccc2Cl)CC1,6.58
O=C(Nc1nc2ccccc2s1)c1cccnc1,6.58
Cc1nc(-n2cnn(Cc3ccc(F)cc3)c2=O)sc1C(=O)NCc1cccnc1,6.57
O=c1[nH]ccc2nc(N3CCC(Oc4ccccc4C(F)(F)F)CC3)sc12,6.57
COc1ccc2sc(NC(=O)c3ccc([N+](=O)[O-])cc3)nc2c1,6.57
Fc1ccc2c(c1)N(C1CCN(c3ccc(-c4cnn(CCN5CCOCC5)c4)nn3)CC1)CC2,6.56
Cc1cc(CNC(=O)c2sc(-n3cnn(Cc4ccc(F)cc4)c3=O)nc2C)[nH]n1,6.55
CN1CCC2(CCN(c3ccc(C(=O)NCC(O)c4ccccc4)nn3)CC2)Oc2ccccc21,6.55
Cc1ccc2ccn(C3CCN(c4ccc(-c5cnn(C)c5)nn4)CC3)c2c1,6.54
O=C(NCCC1CC1)c1ccc(N2CCN(C(=O)c3ccoc3C(F)(F)F)CC2)nn1,6.54
O=C(NCC(O)c1ccccc1)c1ccc(N2CCC(C(=O)c3ccccc3)CC2)nn1,6.54
OC(c1ccc2[nH]c(-c3ccc(OCc4ccccc4)cc3)nc2c1)c1ccccc1C(F)(F)F,6.53
NC(=O)c1cnc(N2CCN(C(=O)c3ccccc3C(F)(F)F)CC2)s1,6.52
CCCCCCCCC1=C(CCCCCCCC(=O)O)C1,6.52
Cc1cnnc(N2CCC(Oc3cc(C(F)(F)F)ccc3Cl)CC2)n1,6.52
Cc1nc(-n2cnn(CC3CC3(F)F)c2=O)sc1C(=O)NCc1cccnc1,6.51
Cc1csc(NC(=O)c2ccc(CNc3ccccc3C)nc2)n1,6.51
COc1cccc(C(=O)Nc2nc3ccc(OC)cc3s2)c1,6.51
COc1ccccc1C(=O)C1CCN(c2ccc(C(=O)NCC(O)c3ccccc3)nn2)CC1,6.51
O=C(NCc1nccs1)c1ccc2[nH]c(-c3ccc(Oc4ccccc4C(F)(F)F)cc3)nc2c1,6.5
Cc1nnc(-c2ccc(N3CCC(c4noc5ccc(F)cc45)CC3)nn2)o1,6.5
COc1ccc2ccn(C3CCN(c4ccc(-c5cnn(C)c5)nn4)CC3)c2c1,6.5
Oc1nc2cnc(N3CCC(Oc4ccccc4C(F)(F)F)CC3)nc2[nH]1,6.5
O=C(NCc1nccs1)c1ccc(N2CCN(C(=O)c3ccccc3C(F)(F)F)CC2)nn1,6.49
Cc1nc(-n2ccc(OCC3CCCO3)cc2=O)sc1C(=O)NCc1ccccc1,6.48
O=C(O)Cn1nnc(-c2nnc(N3CCC4(CC3)Cc3ccccc3C(=O)O4)s2)n1,6.47
N#Cc1nccnc1NCC(=O)N1CCC(Oc2ccccc2Cl)CC1,6.47
CS(=O)(=O)c1ccc2nc(-c3ccc(-c4cccc(O)c4)cc3)[nH]c2c1,6.47
O=C(O)c1ccc(-c2ccc(N3CCC(n4ccc5ccc(F)cc54)CC3)nn2)cc1,6.46
O=C(NCc1ccncc1)c1ncccc1NCC(=O)N1CCC(Oc2ccccc2C(F)(F)F)CC1,6.46
O=C(O)Cn1nnc(-c2nnc(N3CCC4(CCc5c(O)cccc5O4)CC3)s2)n1,6.44
O=c1[nH]c(N2CCC(Oc3ccccc3C(F)(F)F)CC2)nc2[nH]cnc12,6.42
NC(=O)Cn1cc(-c2ccc(N3CCC(N4CCc5ccc(F)cc54)CC3)nn2)cn1,6.41
CCCNC(=O)c1ncccc1NCC(=O)N1CCC(Oc2ccccc2C(F)(F)F)CC1,6.41
O=C(O)c1ccc(-c2ccc(N3CCC(N4CCc5ccc(F)cc54)CC3)nn2)cc1,6.41
Cc1ccccc1C(=O)C1CCN(c2ccc(C(=O)NCC(O)c3ccccn3)nn2)CC1,6.41
Cn1cc(-c2ccc(N3CCC(N4CCc5ccc(CO)cc54)CC3)nn2)cn1,6.41
Cc1nc(-n2cnn(CCCC(F)(F)F)c2=O)sc1C(=O)NCc1cccnc1,6.4
COc1ccc2c(c1)N(C1CCN(c3ccc(-c4cnn(C)c4)nn3)CC1)CC2,6.39
COc1ccc(-c2nc3cnc(NCc4ccc(Cl)c(Cl)c4)nc3n(CCNC(C)=O)c2=O)cc1,6.39
Cc1ccc2c(c1)N(C1CCN(c3ccc(-c4cnn(C)c4)nn3)CC1)CC2,6.38
COc1ccc(C(=O)Nc2ncc(Cc3cc(Cl)ccc3Cl)s2)cc1OCCO,6.37
O=C(NCc1cccnc1)c1ncccc1NCC(=O)N1CCC(Oc2ccccc2C(F)(F)F)CC1,6.37
O=C(NCc1ccc(Cl)s1)c1ccc2[nH]c(-c3ccc(Oc4ccccc4C(F)(F)F)cc3)nc2c1,6.36
Cc1nc(-n2ccc(C3CC3)cc2=O)sc1C(=O)NCc1ccccc1,6.34
CNC(=O)c1nccnc1NCC(=O)N1CCC(Oc2c(F)cccc2F)CC1,6.33
Cc1nc(-n2cnn(Cc3ccc(F)cc3)c2=O)sc1C(=O)NCc1cnn(C)c1,6.32
Cc1nc(-n2cnn(Cc3ccc(F)cc3)c2=O)sc1C(=O)NCc1cn(C)cn1,6.3
Cc1nc(N2CCN(Cc3ccccc3)C2=O)sc1C(=O)NCc1cccnc1,6.28
O=C(O)c1ccc(-c2ccc(N3CCC(Oc4ccccc4C(F)(F)F)CC3)nn2)cc1,6.26
Cc1nnc(N2CCC(Oc3cc(C(F)(F)F)ccc3Cl)CC2)nc1C,6.26
FC(F)(F)c1ccccc1OC1CCN(c2nccnn2)CC1,6.26
O=[N+]([O-])c1ccccc1OC1CCN(c2nccnn2)CC1,6.26
Cn1cc(Cl)nc(N2CCC(Oc3ccccc3Cl)CC2)c1=O,6.26
O=C(Nc1ccccc1)c1nccnc1NCC(=O)N1CCC(Oc2ccccc2Cl)CC1,6.26
COc1ccc2nc(NC(=O)c3ccc(C(=O)N4CCCCC4)cc3)sc2c1,6.26
Clc1ccccc1OC1CCN(c2nccnn2)CC1,6.26
CC1CN(c2nccnn2)CCC1Oc1cc(C(F)(F)F)ccc1Cl,6.26
Cc1ccccc1OC1CCN(c2nc(Cl)cn(C)c2=O)CC1,6.26
O=C(NCc1ccccc1)c1ncccc1NCC(=O)N1CCC(Oc2ccccc2Cl)CC1,6.25
O=C(O)CCc1cnc(NC(=O)c2ccc(CNc3ccccc3C(F)(F)F)cc2)s1,6.24
O=C(NCc1ccccc1)c1ccccc1NCC(=O)N1CCC(Oc2ccccc2Cl)CC1,6.24
O=C(NCC(O)c1cccnc1)c1ccc(N2CCC3(CC2)CCN(CCO)c2ccccc2O3)nn1,6.22
COc1cc2sc(NC(=O)c3ccc(C(=O)c4ccccc4)cc3)nc2cc1Br,6.21
Cc1nc(-c2cncc(Cc3ccccc3)n2)sc1C(=O)NCc1ccccc1,6.21
COc1ccc(C(=O)Nc2ncc(Cc3ccc(C)c(F)c3)s2)cc1OCCO,6.19
CC1CN(c2nccnn2)CCC1Oc1cc(Cl)ccc1Cl,6.19
Cc1cnnc(N2CCC(Oc3ccccc3Cl)CC2)n1,6.19
FC(F)(F)c1ccc(Cl)c(OC2CCN(c3nccnn3)C2)c1,6.19
Cc1nc(N2CCN(Cc3ccccc3)C2=O)sc1C(=O)NCc1ccncc1,6.18
CC(CNC(=O)c1ccc(N2CCN(C(=O)c3ccccc3C(F)(F)F)CC2)nn1)c1ccccc1,6.18
Cc1nnc(-c2ccc(N3CCC(Oc4cc(F)ccc4Cl)CC3)nn2)o1,6.17
Cc1nc(-n2cc(Cc3ccccc3)nn2)sc1C(=O)NCc1ccccc1,6.17
Cn1cc(-c2ccc(N3CCC(n4ccc5c(F)cccc54)CC3)nn2)cn1,6.17
CN1CCC2(CCN(c3ccc(C(=O)NCC(O)c4cccnc4)nn3)CC2)Oc2ccccc21,6.16
O=C(Nc1nc2ccccc2s1)c1ccc(-c2ccccc2)cc1,6.16
O=C(O)Cn1nnc(-c2nnc(N3CCC4(CC3)CC(=O)c3ccccc3O4)s2)n1,6.15
O=C(NCc1ccccn1)c1cc(-n2cnn(Cc3ccc(F)cc3)c2=O)n[nH]1,6.14
Cc1cccc(C(=O)Nc2nc3ccccc3s2)c1,6.14
CC(C)(C)c1ccc2nc(-c3ccc(-c4ccccc4F)cc3)[nH]c2c1,6.14
CCCCN1CCN(c2nc(C)c(C(=O)NCc3cccnc3)s2)C1=O,6.13
O=C(NCc1ccccc1)c1ccc(N2CCN(C(=O)c3ccccc3C(F)(F)F)CC2)nn1,6.12
FC(F)(F)c1ccccc1OC1CCN(c2nc3ncccc3s2)CC1,6.12
NC(=O)c1cn(Cc2cc(Br)c(Br)c(Br)c2)nn1,6.12
Cc1csc(NC(=O)c2ccc(CNc3ccc(Cl)cc3)cc2)n1,6.12
COC(=O)Nc1cnc(N2CCC(Oc3ccccc3C(F)(F)F)CC2)s1,6.11
Fc1ccc2c(c1)N(C1CCN(c3ccc(-c4ccc(C(F)(F)F)cc4)nn3)CC1)CC2,6.11
O=C(NCCc1ccccc1)c1ncccc1NCC(=O)N1CCC(Oc2ccccc2C(F)(F)F)CC1,6.11
O=C(O)Cc1cncc(-c2ccc(N3CCC(Oc4cc(F)ccc4Br)CC3)nn2)c1,6.11
Cc1nc(-n2ccc(O)cc2=O)sc1C(=O)NCCC1CC1,6.11
Cc1ccc(Cn2cnc3ccc(NC(=O)OCc4ccccc4)cc3c2=O)cc1C,6.1
O=C(NCCc1ccccc1)c1ccc(N2CCN(C(=O)c3ccccc3C(F)(F)F)CC2)cc1,6.09
COc1ccc(C(=O)N(C)c2ncc(Cc3cccc(C(F)(F)F)c3)s2)cc1OCCO,6.08
COc1ccc(C(=O)Nc2ncc(C(O)c3cccc(C(F)(F)F)c3)s2)cc1OCCO,6.05
COc1ccc2nc(NC(=O)c3ccc(F)cc3)sc2c1,6.05
O=C(O)Cn1nnc(-c2nnc(N3CCC(Oc4cc(F)ccc4Br)CC3)s2)n1,6.04
COc1cccc(C(=O)Nc2ncc(Cc3cccc(C(F)(F)F)c3)s2)c1,6.04
Cn1cc(-c2ccc(N3CCC(n4nnc5ccccc54)CC3)nn2)cn1,6.03
Cc1nc(-n2cnn(Cc3ccc(F)cc3)c2=O)sc1C(N)=O,6.03
O=C(O)Cn1nnc(-c2cnc(OCCCOc3cc(OC(F)(F)F)ccc3Br)s2)n1,6.01
COc1ccc2nc(NC(=O)c3ccc(C(=O)N4CCCCC4)cc3)sc2c1,6.0
NS(=O)(=O)c1cnc(N2CCC(Oc3ccccc3C(F)(F)F)CC2)s1,5.99
COc1ccccc1C(=O)C1CCN(c2ccc(C(=O)NCC(O)c3ccccc3)nn2)CC1,5.98
O=C(O)Cn1nnc(-c2cc(N3CCC(Oc4cc(F)ccc4Br)CC3)no2)n1,5.97
CCCCCCCNC(=O)c1ccc(N2CCN(C(=O)c3ccccc3C(F)(F)F)CC2)nn1,5.96
COc1ccc2nc(NC(=O)c3cccnc3)sc2c1,5.96
COc1ccc2nc(NC(=O)c3ccc(C(=O)c4cccnc4)cc3)sc2c1,5.96
COc1ccc(C(=O)Nc2nc3ccc(OC)cc3s2)cc1,5.96
O=C(O)c1cccc(-c2ccc(N3CCC(Oc4ccccc4C(F)(F)F)CC3)nn2)c1,5.95
O=C(Nc1ccc(Oc2cccnc2)c(C(=O)NCc2ccc(Cl)c(Cl)c2)c1)OCc1ccccc1,5.94
O=C(NCc1nccs1)c1ccc2[nH]c(-c3ccc(Oc4ccccc4Cl)cc3)nc2c1,5.94
COc1ccc2nc(NC(=O)c3cccc(C)c3)sc2c1,5.92
N[C@H](c1ccccc1)c1ccc(C(=O)Nc2nc3ccccc3s2)cc1,5.92
COc1ccc(C(=O)Nc2ncc(Cc3cccc(C(F)(F)F)c3)s2)cc1,5.91
CCS(=O)(=O)c1ccc2nc(-c3ccc(-c4ccccc4F)cc3)[nH]c2c1,5.88
O=C(NCc1ccc(Cl)s1)c1ccc2[nH]c(-c3ccc(Oc4ccccc4Cl)cc3)nc2c1,5.87
O=C(Nc1ccncc1)c1ccc(COc2ccccc2Cl)cc1,5.85
COc1cc(C(=O)Nc2ncc(Cc3cccc(C(F)(F)F)c3)s2)ccc1OCCN1CCOCC1,5.85
Cc1nc(-n2ccc(C(F)(F)F)cc2=O)sc1C(=O)NCc1ccccc1,5.82
COc1ccc(-c2nc3cnc(NCc4ccc(Cl)c(Cl)c4)nc3n(CCNS(C)(=O)=O)c2=O)cc1,5.78
Cc1nc(-n2ccc(O)cc2=O)sc1C(=O)NCC1CC1,5.77
CS(=O)(=O)c1ccc2nc(-c3ccc(-c4ccoc4)cc3)[nH]c2c1,5.77
CS(=O)(=O)c1ccc2nc(-c3ccc(-c4ccccn4)cc3)[nH]c2c1,5.75
O=C(Nc1nc2ccccc2[nH]1)c1ccc(C(=O)c2ccccc2)cc1,5.75
Cc1nc(-c2noc(Cc3ccccc3)n2)sc1C(=O)NCc1ccccc1,5.72
COc1ccc2nc(NC(=O)c3ccc(C(=O)c4ccccn4)cc3)sc2c1,5.7
COc1ccc2nc(NC(=O)c3ccc([C@H](N)c4ccccc4)cc3)sc2c1,5.68
COc1ccc(C(=O)Nc2ncc(Cc3cccc(C(F)(F)F)c3)s2)cc1OCC(C)O,5.67
Cc1nc(N2C[C@@H](Cc3ccccc3)NC2=O)sc1C(=O)NCc1ccccc1,5.66
Cc1cnc(CNC(=O)c2ccc(N3CCN(C(=O)c4ccccc4C(F)(F)F)CC3)nn2)cn1,5.65
CS(=O)(=O)c1ccc2nc(-c3ccc(-c4ccc(O)cc4)cc3)[nH]c2c1,5.63
O=C(NCCC1CC1)c1ccc2[nH]c(-c3ccc(Oc4ccccc4Cl)cc3)nc2c1,5.63
CC(C)CCNC(=O)c1ccc(N2CCN(C(=O)c3ccccc3C(F)(F)F)CC2)cn1,5.62
O=C(Nc1nc2ccccc2s1)c1ccc(C(=O)c2ccccc2)cc1,5.62
O=C(O)c1cncc(-c2ccc(N3CCC(Oc4cc(F)ccc4Br)CC3)nc2)c1,5.62
COc1ccc(Cl)c(N2CC3CN(c4ncc(-c5nnn(CC(=O)O)n5)s4)CC3C2)c1,5.61
COc1ccc(-c2nc3ccc(NCc4ccc(C(F)(F)F)cc4)nc3n(CCNC(C)=O)c2=O)cc1,5.6
COc1ccc2nc(NC(=O)c3ccc(C(=O)N4CCOCC4)cc3)sc2c1,5.6
Cc1nc(-n2ccccc2=O)sc1C(=O)NCc1ccccc1,5.6
Cc1nc(-n2ccc(-c3ccccc3)cc2=O)sc1C(=O)NCc1ccccc1,5.59
COc1ccc(C(=O)Nc2nc3ccccc3s2)cc1,5.58
Cc1nc(NC(=O)Cc2ccccc2)sc1C(=O)NCc1ccccc1,5.57
COC(=O)c1ccccc1NCc1ccc(C(=O)Nc2nc(C)cs2)cc1,5.57
O=C(O)CCCc1csc(NC(=O)c2ccc(CNc3ccccc3C(F)(F)F)cc2)n1,5.57
COc1ccc2nc(NC(=O)c3ccc([N+](=O)[O-])cc3)sc2c1,5.55
NC(=O)c1n[nH]c(N2CCC(Oc3ccccc3C(F)(F)F)CC2)n1,5.55
COc1ccc2nc(NC(=O)c3ccc(C(=O)c4ccccc4)cc3)sc2c1,5.5
Cc1csc(NC(=O)c2ccc(CNc3ccccc3C(=O)O)cc2)n1,5.44
O=C(O)Cn1nnc(-c2cnc(OCCCOc3cc(F)ccc3Br)s2)n1,5.41
COc1ccc(-c2nc3cnc(NCc4ccc(Cl)c(Cl)c4)nc3n(CCNC(=O)c3ccsc3)c2=O)cc1,5.4
CNC(=O)c1cnc(N2CCN(C(=O)c3ccccc3C(F)(F)F)CC2)s1,5.4
O=C(O)Cn1nnc(-c2cnc(N3CCN(c4cc(F)ccc4Cl)CC3)s2)n1,5.38
CS(=O)(=O)c1ccc2nc(-c3ccc(-c4ccncc4)cc3)[nH]c2c1,5.37
COc1cc(C(=O)Nc2ncc(Cc3cccc(C(F)(F)F)c3)s2)ccc1OCC(=O)O,5.36
O=C(O)c1cncc(-c2cnc(N3CCC(Oc4cc(F)ccc4Br)CC3)nn2)c1,5.35
COc1ccc(-c2nc3cnc(NCc4cccc(Cl)c4)nc3n(CCNC(C)=O)c2=O)cc1,5.34
O=C(Nc1nc(-c2ccccc2)cs1)c1ccc(C(=O)c2ccccc2)cc1,5.33
O=C(Nc1ncc(-c2ccccc2)s1)c1ccc(C(=O)c2ccccc2)cc1,5.3
O=C(O)c1cncc(-c2ccc(N3CCC(Oc4ccccc4I)CC3)nn2)c1,5.29
COc1ccc2sc(NC(=O)c3ccc([N+](=O)[O-])cc3)nc2c1,5.26
COc1ccc2nc(NC(=O)c3ccc([C@@H](N)c4ccccc4)cc3)sc2c1,5.24
O=C(Nc1ncc(-c2ccccc2)s1)c1ccc(C(=O)c2ccccc2)cc1,5.24
O=C(NCCC1CC1)c1ccc(N2CCN(C(=O)c3cnc(Cl)nc3C(F)(F)F)CC2)nn1,5.23
O=C(O)c1cncc(-c2ccc(N3CCC(Oc4cc(F)ccc4Br)CC3)nn2)c1,5.22
CNC(=O)c1nccnc1NCC(=O)N1CCC(Oc2ccccc2)CC1,5.2
O=C(O)Cn1nnc(-c2cncc(-c3cn(Cc4cc(Br)c(Br)c(Br)c4)nn3)c2)n1,5.2
CCCCCCNC(=O)c1ncc(N2CCN(C(=O)c3ccccc3C(F)(F)F)CC2)cn1,5.19
NC(=O)c1csc(N2CCC(Oc3ccccc3C(F)(F)F)CC2)n1,5.19
N[C@H](c1ccccc1)c1ccc(C(=O)Nc2nc3ccccc3s2)cc1,5.17
O=C(O)c1cncc(-c2cnc(N3CCC(Oc4cc(F)ccc4Br)CC3)cn2)c1,5.17
COc1cc2sc(NC(=O)c3ccc(C(=O)c4ccccc4)cc3)nc2cc1Br,5.16
O=C(NCc1ccccc1)c1cccc(NCC(=O)N2CCC(Oc3ccccc3C(F)(F)F)CC2)n1,5.14
O=C(O)Cn1nnc(-c2cc(OCCCOc3cc(F)ccc3Br)no2)n1,5.11
COC(=O)c1ccc2nc(NC(=O)c3ccc(C(=O)c4ccccc4)cc3)sc2c1,5.11
O=C(O)c1cncc(-c2ccc(N3CCC(Oc4cc(F)c(F)cc4Br)CC3)nn2)c1,5.08
COc1ccc2nc(NC(=O)c3ccc(Nc4ccccc4)cc3)sc2c1,5.05
O=C(O)Cn1nnc(-c2cnc(N3C[C@@H]4C[C@H]3CN4c3cc(F)ccc3Cl)s2)n1,5.04
O=C(O)c1cncc(-c2cnc(N3CCC(Oc4cc(F)ccc4Br)CC3)nc2)c1,5.03
O=C(O)Cn1nnc(-c2cc(N3CC4CN(c5cc(F)ccc5Cl)CC4C3)no2)n1,5.0
Cc1nc(-c2cn(Cc3ccccc3)nn2)sc1C(=O)NCc1ccccc1,5.0
Fc1ccc(Br)c(OC2CCN(c3nc4ccccc4s3)CC2)c1,4.97
Fc1ccc(Br)c(OC2CCN(c3nnc(-c4nn[nH]n4)s3)CC2)c1,4.9
O=C(c1ccccc1C(F)(F)F)N1CCN(c2nccs2)CC1,4.89
O=C(Nc1nc(-c2ccccc2)cs1)c1ccc(C(=O)c2ccccc2)cc1,4.83
O=C(O)Cn1nnc(-c2cnc(N3CC4CN(c5cc(F)ccc5Cl)CC4C3)s2)n1,4.81
COC(=O)c1ccc2nc(NC(=O)c3ccc(C(=O)c4ccccc4)cc3)sc2c1,4.8
COc1ccc2nc(NC(=O)c3ccc(OCc4ccccc4)cc3)sc2c1,4.77
O=C(O)c1cncc(-c2ccc(N3CCC(Oc4ccccc4Br)CC3)nn2)c1,4.74
Cc1ccccc1S(=O)(=O)N1CCN(c2ccc(C(=O)NCc3ccccc3)nn2)CC1,4.71
Cc1nc(OCCCOc2cc(F)ccc2Br)sc1-c1nnn(CC(=O)O)n1,4.69
COc1cccc(C(=O)Nc2nc3ccc(OC)cc3s2)c1,4.68
COc1ccc2nc(NC(=O)c3ccccc3)sc2c1,4.68
O=C(Nc1nc2ccccc2s1)c1ccc([N+](=O)[O-])cc1,4.66
COc1ccc2nc(NC(=O)c3ccc(N)cc3)sc2c1,4.66
O=C(O)CCc1nc2nc(N3CCC(Oc4cc(F)ccc4Br)CC3)sc2c(=O)[nH]1,4.61
COc1ccc2nc(NC(=O)c3ccc(F)cc3)sc2c1,4.6
COc1ccc2nc(NC(=O)c3cccc(C)c3)sc2c1,4.6
COc1ccc(C(=O)Nc2nc3ccccc3s2)cc1,4.51
C#CCOc1ccc(C(=O)c2ccc(C(=O)Nc3nc4ccc(OC)cc4s3)cc2)cc1,4.51
O=C(Nc1nccs1)c1ccc(C(=O)c2ccccc2)cc1,4.48
COc1ccc2nc(NC(=O)c3cccnc3)sc2c1,4.43
O=C(O)Cn1nnc(-c2cc(-c3cn(Cc4cc(Br)c(Br)c(Br)c4)nn3)no2)n1,4.42
O=C(Nc1nc2ccccc2o1)c1ccc(C(=O)c2ccccc2)cc1,4.37
C#CCNC(=O)c1ccc(C(=O)Nc2nc3ccc(OC)cc3s2)cc1,4.34
O=C(O)Cn1nnc(-c2cnc(N3CC4(C3)CN(c3cc(F)ccc3Cl)C4)s2)n1,4.29
COc1ccc2nc(NC(=O)c3ccccc3)sc2c1,4.27
O=C(O)c1cnc(N2CCN(C(=O)c3ccccc3C(F)(F)F)CC2)s1,4.17
